Date,Return (%),Balance
1988-01-04,-1.912,9808.8
1988-01-05,-0.292,9780.13
1988-01-06,-2.187,9566.22
1988-01-07,-0.462,9522.04
1988-01-08,0.973,9614.72
1988-01-11,-2.393,9384.68
1988-01-12,0.585,9439.58
1988-01-13,0.52,9488.63
1988-01-14,-0.803,9412.4
1988-01-15,1.141,9519.75
1988-01-18,0.118,9530.95
1988-01-19,0.976,9623.93
1988-01-20,-1.338,9495.12
1988-01-21,-2.45,9262.51
1988-01-22,-0.642,9203.07
1988-01-25,-1.949,9023.72
1988-01-26,1.365,9146.87
1988-01-27,-0.494,9101.72
1988-01-28,-0.525,9053.97
1988-01-29,0.69,9116.47
1988-02-01,-1.286,8999.21
1988-02-02,-1.125,8897.97
1988-02-03,-0.499,8853.6
1988-02-04,-0.755,8786.75
1988-02-05,1.807,8945.5
1988-02-08,-0.607,8891.22
1988-02-09,-2.572,8662.53
1988-02-10,-0.78,8594.99
1988-02-11,-0.27,8571.75
1988-02-12,2.19,8759.51
1988-02-16,0.516,8804.68
1988-02-17,-0.282,8779.85
1988-02-18,2.334,8984.78
1988-02-19,1.355,9106.55
1988-02-22,0.23,9127.47
1988-02-23,1.459,9260.62
1988-02-24,2.281,9471.82
1988-02-25,-0.528,9421.85
1988-02-26,0.197,9440.44
1988-02-29,0.33,9471.56
1988-03-01,0.104,9481.45
1988-03-02,2.342,9703.48
1988-03-03,-0.383,9666.36
1988-03-04,-1.829,9489.55
1988-03-07,-0.344,9456.92
1988-03-08,0.061,9462.73
1988-03-09,-1.304,9339.36
1988-03-10,0.783,9412.49
1988-03-11,0.818,9489.44
1988-03-14,0.741,9559.72
1988-03-15,-1.37,9428.77
1988-03-16,-0.319,9398.68
1988-03-17,1.254,9516.56
1988-03-18,0.96,9607.93
1988-03-21,-0.636,9546.86
1988-03-22,-0.925,9458.53
1988-03-23,-2.153,9254.89
1988-03-24,0.83,9331.68
1988-03-25,0.532,9381.34
1988-03-28,-1.047,9283.15
1988-03-29,0.901,9366.81
1988-03-30,-0.243,9344.02
1988-03-31,-0.521,9295.32
1988-04-04,-0.079,9287.99
1988-04-05,-1.3,9167.21
1988-04-06,-0.982,9077.15
1988-04-07,-0.354,9045.02
1988-04-08,0.062,9050.66
1988-04-11,-1.82,8885.91
1988-04-12,-0.056,8880.92
1988-04-13,0.249,8903.03
1988-04-14,-1.081,8806.83
1988-04-15,1.251,8917
1988-04-18,0.249,8939.23
1988-04-19,1.075,9035.31
1988-04-20,0.748,9102.87
1988-04-21,-1.189,8994.62
1988-04-22,-0.105,8985.21
1988-04-25,0.01,8986.08
1988-04-26,0.537,9034.38
1988-04-27,2.141,9227.79
1988-04-28,-1.068,9129.22
1988-04-29,-1.008,9037.24
1988-05-02,0.538,9085.86
1988-05-03,0.114,9096.18
1988-05-04,0.408,9133.3
1988-05-05,0.093,9141.83
1988-05-06,1.162,9248.04
1988-05-09,0.4,9285.04
1988-05-10,-1.106,9182.36
1988-05-11,1.374,9308.49
1988-05-12,2.695,9559.38
1988-05-13,0.961,9651.28
1988-05-16,-0.072,9644.37
1988-05-17,-1.1,9538.32
1988-05-18,-2.194,9329.04
1988-05-19,0.536,9379.09
1988-05-20,-0.227,9357.77
1988-05-23,1.311,9480.42
1988-05-24,1.112,9585.86
1988-05-25,0.142,9599.48
1988-05-26,0.359,9633.95
1988-05-27,1.127,9742.5
1988-05-31,-0.096,9733.11
1988-06-01,1.476,9876.79
1988-06-02,0.593,9935.35
1988-06-03,-0.033,9932.05
1988-06-06,0.591,9990.77
1988-06-07,2.074,10197.98
1988-06-08,0.927,10292.56
1988-06-09,3.052,10606.74
1988-06-10,-0.2,10585.49
1988-06-13,-0.539,10528.42
1988-06-14,0.173,10546.62
1988-06-15,-0.006,10545.98
1988-06-16,0.851,10635.69
1988-06-17,0.355,10673.46
1988-06-20,1.935,10879.96
1988-06-21,-0.226,10855.36
1988-06-22,1.076,10972.11
1988-06-23,1.033,11085.4
1988-06-24,2.708,11385.64
1988-06-27,-0.219,11360.71
1988-06-28,0.346,11399.98
1988-06-29,0.525,11459.79
1988-06-30,0.915,11564.62
1988-07-01,1.162,11698.99
1988-07-05,-2.63,11391.34
1988-07-06,-0.566,11326.81
1988-07-07,-0.18,11306.44
1988-07-08,-1.174,11173.67
1988-07-11,-0.096,11162.9
1988-07-12,0.614,11231.43
1988-07-13,-1.336,11081.4
1988-07-14,-0.088,11071.63
1988-07-15,0.709,11150.11
1988-07-18,-0.829,11057.66
1988-07-19,-1.157,10929.76
1988-07-20,-1.468,10769.31
1988-07-21,-1.328,10626.34
1988-07-22,-1.643,10451.78
1988-07-25,0.124,10464.7
1988-07-26,-0.89,10371.52
1988-07-27,-1.732,10191.88
1988-07-28,-0.17,10174.51
1988-07-29,0.556,10231.08
1988-08-01,0.174,10248.93
1988-08-02,1.374,10389.73
1988-08-03,2.097,10607.58
1988-08-04,-0.838,10518.65
1988-08-05,2.145,10744.26
1988-08-08,-0.229,10719.68
1988-08-09,0.575,10781.3
1988-08-10,-0.308,10748.13
1988-08-11,-1.318,10606.46
1988-08-12,-1.12,10487.7
1988-08-15,1.046,10597.42
1988-08-16,0.864,10688.95
1988-08-17,-1.902,10485.65
1988-08-18,0.531,10541.28
1988-08-19,1.033,10650.17
1988-08-22,0.946,10750.91
1988-08-23,2.924,11065.24
1988-08-24,-2.326,10807.82
1988-08-25,0.248,10834.61
1988-08-26,0.983,10941.14
1988-08-29,0.763,11024.59
1988-08-30,2.35,11283.63
1988-08-31,0.007,11284.46
1988-09-01,1.326,11434.13
1988-09-02,-0.525,11374.05
1988-09-06,-0.26,11344.52
1988-09-07,-1.536,11170.22
1988-09-08,1.028,11285.04
1988-09-09,0.992,11397.02
1988-09-12,0.112,11409.84
1988-09-13,0.173,11429.55
1988-09-14,0.468,11483.06
1988-09-15,0.034,11486.99
1988-09-16,-0.164,11468.14
1988-09-19,-0.469,11414.38
1988-09-20,0.843,11510.65
1988-09-21,1.069,11633.65
1988-09-22,-0.342,11593.88
1988-09-23,1.552,11773.78
1988-09-26,0.646,11849.88
1988-09-27,-1.33,11692.31
1988-09-28,1.175,11829.68
1988-09-29,-1.316,11674.05
1988-09-30,-0.956,11562.42
1988-10-03,-0.365,11520.19
1988-10-04,0.205,11543.82
1988-10-05,-0.128,11529.06
1988-10-06,0.264,11559.5
1988-10-07,-0.725,11475.66
1988-10-10,-1.836,11264.92
1988-10-11,0.16,11282.95
1988-10-12,0.362,11323.77
1988-10-13,-1.6,11142.64
1988-10-14,0.334,11179.91
1988-10-17,0.007,11180.65
1988-10-18,0.462,11232.31
1988-10-19,-0.908,11130.31
1988-10-20,1.008,11242.47
1988-10-21,0.519,11300.87
1988-10-24,-0.364,11259.77
1988-10-25,-0.614,11190.62
1988-10-26,0.866,11287.54
1988-10-27,-0.514,11229.48
1988-10-28,-0.483,11175.21
1988-10-31,1.847,11381.6
1988-11-01,1.533,11556.11
1988-11-02,-0.152,11538.56
1988-11-03,0.814,11632.44
1988-11-04,-0.233,11605.37
1988-11-07,-0.927,11497.8
1988-11-08,-1.222,11357.3
1988-11-09,-0.151,11340.12
1988-11-10,1.647,11526.86
1988-11-11,1.061,11649.21
1988-11-14,0.163,11668.23
1988-11-15,0.708,11750.82
1988-11-16,-0.23,11723.74
1988-11-17,-1.198,11583.3
1988-11-18,-0.957,11472.43
1988-11-21,0.91,11576.79
1988-11-22,0.502,11634.96
1988-11-23,1.071,11759.59
1988-11-25,-0.551,11694.75
1988-11-28,0.73,11780.12
1988-11-29,-0.289,11746.11
1988-11-30,-1.898,11523.19
1988-12-01,0.767,11611.62
1988-12-02,-0.542,11548.64
1988-12-05,-1.268,11402.17
1988-12-06,0.819,11495.57
1988-12-07,0.35,11535.81
1988-12-08,0.031,11539.42
1988-12-09,0.231,11566.04
1988-12-12,-0.119,11552.22
1988-12-13,-0.452,11499.96
1988-12-14,-0.21,11475.8
1988-12-15,-0.188,11454.21
1988-12-16,0.599,11522.81
1988-12-19,0.12,11536.58
1988-12-20,-0.651,11461.45
1988-12-21,0.727,11544.83
1988-12-22,-0.073,11536.36
1988-12-23,1.086,11661.61
1988-12-27,1.785,11869.79
1988-12-28,-1.201,11727.26
1988-12-29,-0.694,11645.87
1988-12-30,-0.394,11599.93
1989-01-03,-1.454,11431.24
1989-01-04,-0.611,11361.4
1989-01-05,1.26,11504.51
1989-01-06,1.096,11630.61
1989-01-09,1.294,11781.11
1989-01-10,1.776,11990.39
1989-01-11,-2.294,11715.35
1989-01-12,-1.587,11529.46
1989-01-13,-0.67,11452.16
1989-01-16,1.547,11629.38
1989-01-17,0.008,11630.3
1989-01-18,1.804,11840.11
1989-01-19,-0.734,11753.17
1989-01-20,-0.914,11645.69
1989-01-23,-0.088,11635.46
1989-01-24,0.256,11665.24
1989-01-25,-0.392,11619.48
1989-01-26,-1.165,11484.08
1989-01-27,1.039,11603.38
1989-01-30,1.31,11755.33
1989-01-31,-1.884,11533.88
1989-02-01,-0.087,11523.84
1989-02-02,-1.452,11356.53
1989-02-03,-0.034,11352.67
1989-02-06,-0.92,11248.18
1989-02-07,-0.002,11248
1989-02-08,2.168,11491.84
1989-02-09,-0.166,11472.82
1989-02-10,-0.926,11366.61
1989-02-13,0.416,11413.95
1989-02-14,1.407,11574.59
1989-02-15,1.056,11696.79
1989-02-16,-1.991,11463.95
1989-02-17,-0.643,11390.26
1989-02-21,-0.798,11299.36
1989-02-22,0.771,11386.51
1989-02-23,-1.711,11191.68
1989-02-24,-0.832,11098.59
1989-02-27,-0.699,11021
1989-02-28,1.424,11177.96
1989-03-01,-0.984,11068.01
1989-03-02,1.289,11210.7
1989-03-03,0.922,11314.07
1989-03-06,-1.22,11176.09
1989-03-07,0.707,11255.09
1989-03-08,-0.901,11153.68
1989-03-09,1.046,11270.34
1989-03-10,0.582,11335.97
1989-03-13,0.434,11385.18
1989-03-14,1.952,11607.46
1989-03-15,-0.666,11530.12
1989-03-16,0.56,11594.68
1989-03-17,-0.986,11480.37
1989-03-20,0.833,11575.95
1989-03-21,1.455,11744.37
1989-03-22,0.634,11818.79
1989-03-23,1.005,11937.54
1989-03-27,0.362,11980.77
1989-03-28,1.417,12150.5
1989-03-29,0.496,12210.73
1989-03-30,1.12,12347.47
1989-03-31,0.48,12406.77
1989-04-03,0.423,12459.19
1989-04-04,0.58,12531.49
1989-04-05,1.039,12661.72
1989-04-06,2.222,12943.08
1989-04-07,-1.117,12798.47
1989-04-10,-0.874,12686.56
1989-04-11,-1.562,12488.45
1989-04-12,-0.592,12414.49
1989-04-13,-0.45,12358.59
1989-04-14,1.44,12536.53
1989-04-17,2.192,12811.39
1989-04-18,2.677,13154.31
1989-04-19,0.921,13275.46
1989-04-20,0.229,13305.9
1989-04-21,-1.144,13153.66
1989-04-24,-0.707,13060.65
1989-04-25,1.436,13248.17
1989-04-26,0.182,13272.24
1989-04-27,-2.933,12883
1989-04-28,-0.061,12875.2
1989-05-01,-0.841,12766.92
1989-05-02,0.579,12840.82
1989-05-03,0.229,12870.21
1989-05-04,0.387,12919.97
1989-05-05,1.786,13150.73
1989-05-08,0.12,13166.55
1989-05-09,-0.66,13079.68
1989-05-10,-1.052,12942.11
1989-05-11,1.688,13160.51
1989-05-12,-0.023,13157.45
1989-05-15,0.936,13280.58
1989-05-16,0.258,13314.79
1989-05-17,1.255,13481.86
1989-05-18,-1.401,13292.96
1989-05-19,-2.159,13006.02
1989-05-22,-1.118,12860.57
1989-05-23,0.971,12985.41
1989-05-24,0.439,13042.4
1989-05-25,1.295,13211.33
1989-05-26,1.775,13445.83
1989-05-30,0.046,13451.99
1989-05-31,1.048,13592.99
1989-06-01,0.17,13616.08
1989-06-02,1.509,13821.56
1989-06-05,-1.006,13682.51
1989-06-06,-1.4,13490.96
1989-06-07,-0.901,13369.39
1989-06-08,1.189,13528.35
1989-06-09,0.992,13662.53
1989-06-12,0.777,13768.75
1989-06-13,-0.562,13691.38
1989-06-14,1.335,13874.12
1989-06-15,0.132,13892.38
1989-06-16,-0.816,13778.99
1989-06-19,-1.85,13524.08
1989-06-20,-1.01,13387.44
1989-06-21,-0.02,13384.77
1989-06-22,0.434,13442.9
1989-06-23,0.4,13496.7
1989-06-26,0.266,13532.57
1989-06-27,2.01,13804.56
1989-06-28,0.798,13914.76
1989-06-29,0.651,14005.34
1989-06-30,-1.285,13825.44
1989-07-03,-0.473,13760.04
1989-07-05,1.697,13993.48
1989-07-06,-0.237,13960.37
1989-07-07,-0.842,13842.84
1989-07-10,-1.448,13642.36
1989-07-11,0.553,13717.76
1989-07-12,0.308,13760.02
1989-07-13,3.284,14211.94
1989-07-14,1.838,14473.15
1989-07-17,0.644,14566.41
1989-07-18,0.228,14599.57
1989-07-19,0.256,14636.89
1989-07-20,1.979,14926.62
1989-07-21,-2.361,14574.26
1989-07-24,-0.806,14456.8
1989-07-25,-1.502,14239.6
1989-07-26,-1.01,14095.76
1989-07-27,1.184,14262.59
1989-07-28,1.262,14442.6
1989-07-31,1.551,14666.64
1989-08-01,-2.236,14338.65
1989-08-02,0.535,14415.36
1989-08-03,-1.025,14267.67
1989-08-04,1.202,14439.16
1989-08-07,0.251,14475.35
1989-08-08,1.089,14632.97
1989-08-09,-0.038,14627.46
1989-08-10,1.169,14798.5
1989-08-11,0.636,14892.64
1989-08-14,-3.427,14382.28
1989-08-15,-0.24,14347.81
1989-08-16,-0.507,14275.01
1989-08-17,0.672,14370.98
1989-08-18,0.814,14487.93
1989-08-21,-1.641,14250.24
1989-08-22,-0.553,14171.4
1989-08-23,0.867,14294.31
1989-08-24,-1.51,14078.53
1989-08-25,-0.469,14012.47
1989-08-28,1.291,14193.34
1989-08-29,0.245,14228.06
1989-08-30,0.571,14309.26
1989-08-31,1.696,14552.01
1989-09-01,-0.42,14490.86
1989-09-05,0.789,14605.26
1989-09-06,-1.801,14342.28
1989-09-07,0.318,14387.94
1989-09-08,-1.844,14122.61
1989-09-11,-0.358,14072.07
1989-09-12,-0.072,14061.96
1989-09-13,1.134,14221.44
1989-09-14,-0.065,14212.24
1989-09-15,0.073,14222.67
1989-09-18,-0.469,14155.99
1989-09-19,-0.64,14065.34
1989-09-20,1.297,14247.82
1989-09-21,-0.861,14125.13
1989-09-22,0.865,14247.36
1989-09-25,0.885,14373.38
1989-09-26,0.847,14495.1
1989-09-27,1.5,14712.55
1989-09-28,1.013,14861.58
1989-09-29,1.18,15037.01
1989-10-02,-0.755,14923.55
1989-10-03,-0.068,14913.4
1989-10-04,1.418,15124.81
1989-10-05,0.665,15225.45
1989-10-06,1.073,15388.75
1989-10-09,-0.393,15328.31
1989-10-10,-1.796,15053.03
1989-10-11,0.707,15159.39
1989-10-12,-0.056,15150.96
1989-10-13,0.197,15180.86
1989-10-16,1.026,15336.59
1989-10-17,0.124,15355.65
1989-10-18,-0.102,15340.03
1989-10-19,-0.686,15234.74
1989-10-20,0.877,15368.39
1989-10-23,-0.181,15340.53
1989-10-24,0.794,15462.28
1989-10-25,-1.319,15258.36
1989-10-26,-1.513,15027.56
1989-10-27,-0.2,14997.55
1989-10-30,-0.349,14945.26
1989-10-31,1.327,15143.51
1989-11-01,-0.278,15101.34
1989-11-02,-1.079,14938.35
1989-11-03,0.561,15022.19
1989-11-06,0.09,15035.66
1989-11-07,2.107,15352.43
1989-11-08,1.681,15610.49
1989-11-09,-0.576,15520.56
1989-11-10,1.203,15707.21
1989-11-13,0.555,15794.32
1989-11-14,-1.395,15573.99
1989-11-15,0.701,15683.17
1989-11-16,-0.925,15538.16
1989-11-17,0.965,15688.15
1989-11-20,-0.706,15577.33
1989-11-21,-0.916,15434.71
1989-11-22,-0.594,15342.97
1989-11-24,-0.526,15262.22
1989-11-27,-1.882,14974.96
1989-11-28,-1.935,14685.22
1989-11-29,0.405,14744.74
1989-11-30,0.903,14877.92
1989-12-01,2.508,15251.06
1989-12-04,0.062,15260.51
1989-12-05,0.554,15345.04
1989-12-06,-0.5,15268.32
1989-12-07,1.241,15457.75
1989-12-08,-0.169,15431.66
1989-12-11,-0.049,15424.13
1989-12-12,-0.337,15372.15
1989-12-13,-0.78,15252.19
1989-12-14,0.568,15338.84
1989-12-15,-1.289,15141.09
1989-12-18,-0.46,15071.46
1989-12-19,-0.535,14990.85
1989-12-20,1.277,15182.29
1989-12-21,0.803,15304.27
1989-12-22,1.238,15493.7
1989-12-26,-1.232,15302.89
1989-12-27,0.914,15442.69
1989-12-28,0.911,15583.42
1989-12-29,1.351,15793.98
1990-01-02,0.719,15907.48
1990-01-03,2.335,16278.86
1990-01-04,1.412,16508.66
1990-01-05,-1.281,16297.14
1990-01-08,1.195,16491.87
1990-01-09,0.702,16607.64
1990-01-10,1.109,16791.79
1990-01-11,-0.81,16655.71
1990-01-12,-1.505,16405.07
1990-01-15,1.031,16574.21
1990-01-16,0.136,16596.67
1990-01-17,1.065,16773.48
1990-01-18,-1.081,16592.17
1990-01-19,-0.466,16514.91
1990-01-22,-1.84,16210.96
1990-01-23,-0.252,16170.03
1990-01-24,0.883,16312.83
1990-01-25,0.029,16317.58
1990-01-26,0.047,16325.21
1990-01-29,0.797,16455.4
1990-01-30,2.411,16852.2
1990-01-31,-0.583,16753.95
1990-02-01,0.252,16796.16
1990-02-02,-1.033,16622.69
1990-02-05,-0.98,16459.8
1990-02-06,-0.392,16395.32
1990-02-07,-1.316,16179.51
1990-02-08,-0.215,16144.74
1990-02-09,0.189,16175.27
1990-02-12,1.198,16369.07
1990-02-13,-0.909,16220.28
1990-02-14,0.939,16372.58
1990-02-15,2.466,16776.4
1990-02-16,0.085,16790.69
1990-02-20,-0.832,16650.97
1990-02-21,-0.722,16530.7
1990-02-22,1.197,16728.63
1990-02-23,0.337,16785.07
1990-02-26,-1.755,16490.43
1990-02-27,0.468,16567.56
1990-02-28,-2.642,16129.78
1990-03-01,-1.144,15945.21
1990-03-02,0.253,15985.49
1990-03-05,-1.941,15675.28
1990-03-06,0.002,15675.61
1990-03-07,-0.58,15584.63
1990-03-08,0.918,15727.63
1990-03-09,-0.08,15715.01
1990-03-12,-0.171,15688.19
1990-03-13,1.088,15858.95
1990-03-14,-1.508,15619.75
1990-03-15,1.723,15888.9
1990-03-16,1.336,16101.1
1990-03-19,1.282,16307.56
1990-03-20,-0.319,16255.59
1990-03-21,0.519,16339.96
1990-03-22,0.471,16416.87
1990-03-23,-1.016,16250.05
1990-03-26,0.852,16388.51
1990-03-27,0.426,16458.28
1990-03-28,-0.271,16413.72
1990-03-29,-1.434,16178.29
1990-03-30,-0.068,16167.26
1990-04-02,-0.304,16118.15
1990-04-03,-0.743,15998.46
1990-04-04,-1.381,15777.5
1990-04-05,0.409,15842.07
1990-04-06,1.224,16035.96
1990-04-09,0.163,16062.17
1990-04-10,-0.388,15999.83
1990-04-11,-0.545,15912.65
1990-04-12,0.928,16060.38
1990-04-16,-2.289,15692.69
1990-04-17,0.206,15725.09
1990-04-18,0.3,15772.29
1990-04-19,-1.623,15516.38
1990-04-20,1.614,15766.79
1990-04-23,0.37,15825.17
1990-04-24,1.712,16096.04
1990-04-25,-0.217,16061.04
1990-04-26,-0.811,15930.75
1990-04-27,-0.875,15791.39
1990-04-30,1.082,15962.24
1990-05-01,-1.543,15715.89
1990-05-02,0.626,15814.28
1990-05-03,2.159,16155.64
1990-05-04,1.325,16369.76
1990-05-07,0.506,16452.55
1990-05-08,-0.963,16294.07
1990-05-09,1.039,16463.33
1990-05-10,-0.292,16415.28
1990-05-11,0.776,16542.67
1990-05-14,-1.489,16296.41
1990-05-15,0.843,16433.78
1990-05-16,-0.39,16369.75
1990-05-17,-2.622,15940.49
1990-05-18,0.04,15946.92
1990-05-21,1.183,16135.6
1990-05-22,0.215,16170.3
1990-05-23,0.029,16175.07
1990-05-24,-0.585,16080.43
1990-05-25,-1.353,15862.92
1990-05-29,0.159,15888.17
1990-05-30,-0.892,15746.43
1990-05-31,-0.573,15656.22
1990-06-01,-1.296,15453.3
1990-06-04,1.166,15633.46
1990-06-05,-0.004,15632.84
1990-06-06,-0.309,15584.5
1990-06-07,1.508,15819.59
1990-06-08,-1.989,15504.89
1990-06-11,0.915,15646.8
1990-06-12,-0.601,15552.78
1990-06-13,-1.437,15329.33
1990-06-14,-0.478,15255.98
1990-06-15,-0.844,15127.15
1990-06-18,3.089,15594.49
1990-06-19,0.883,15732.19
1990-06-20,0.626,15830.61
1990-06-21,1.438,16058.28
1990-06-22,0.502,16138.91
1990-06-25,0.235,16176.76
1990-06-26,1.173,16366.51
1990-06-27,1.112,16548.47
1990-06-28,2.158,16905.62
1990-06-29,0.371,16968.38
1990-07-02,-2.301,16577.9
1990-07-03,1.36,16803.43
1990-07-05,2.208,17174.43
1990-07-06,-1.329,16946.15
1990-07-09,-1.309,16724.36
1990-07-10,1.373,16954.06
1990-07-11,0.7,17072.7
1990-07-12,0.968,17238.04
1990-07-13,0.558,17334.17
1990-07-16,-0.442,17257.47
1990-07-17,-1.353,17023.99
1990-07-18,-1.143,16829.38
1990-07-19,-1.193,16628.58
1990-07-20,-0.411,16560.21
1990-07-23,-0.952,16402.49
1990-07-24,0.882,16547.12
1990-07-25,-1.418,16312.41
1990-07-26,0.379,16374.24
1990-07-27,1.152,16562.86
1990-07-30,0.023,16566.59
1990-07-31,0.107,16584.28
1990-08-01,0.862,16727.19
1990-08-02,-1.421,16489.53
1990-08-03,1.252,16696.04
1990-08-06,1.586,16960.86
1990-08-07,1.04,17137.29
1990-08-08,0.245,17179.26
1990-08-09,0.439,17254.6
1990-08-10,0.481,17337.54
1990-08-13,0.375,17402.5
1990-08-14,0.749,17532.87
1990-08-15,-0.341,17473.15
1990-08-16,-1.222,17259.58
1990-08-17,-0.394,17191.63
1990-08-20,-1.172,16990.13
1990-08-21,1.429,17232.9
1990-08-22,0.354,17293.96
1990-08-23,1.185,17498.96
1990-08-24,0.838,17645.62
1990-08-27,2.41,18070.84
1990-08-28,-0.113,18050.45
1990-08-29,-0.221,18010.58
1990-08-30,0.406,18083.67
1990-08-31,1.228,18305.68
1990-09-04,0.893,18469.12
1990-09-05,1.158,18683.01
1990-09-06,1.072,18883.34
1990-09-07,1.396,19146.92
1990-09-10,0.07,19160.41
1990-09-11,-1.225,18925.71
1990-09-12,0.512,19022.68
1990-09-13,1.017,19216.09
1990-09-14,0.291,19271.95
1990-09-17,0.485,19365.35
1990-09-18,0.623,19485.97
1990-09-19,1.037,19688.04
1990-09-20,1.515,19986.28
1990-09-21,-0.963,19793.78
1990-09-24,1.251,20041.31
1990-09-25,1.887,20419.56
1990-09-26,-0.891,20237.54
1990-09-27,2.629,20769.56
1990-09-28,0.08,20786.1
1990-10-01,-0.669,20646.95
1990-10-02,0.332,20715.55
1990-10-03,-0.272,20659.2
1990-10-04,-0.783,20497.51
1990-10-05,-1.24,20243.36
1990-10-08,-0.483,20145.62
1990-10-09,-0.043,20136.9
1990-10-10,0.938,20325.79
1990-10-11,-0.98,20126.5
1990-10-12,-0.335,20059.05
1990-10-15,-0.9,19878.54
1990-10-16,0.169,19912.12
1990-10-17,-0.585,19795.61
1990-10-18,-1.201,19557.77
1990-10-19,2.034,19955.55
1990-10-22,-0.21,19913.7
1990-10-23,0.187,19950.85
1990-10-24,-0.406,19869.75
1990-10-25,0.613,19991.52
1990-10-26,1.02,20195.34
1990-10-29,0.812,20359.26
1990-10-30,1.927,20751.68
1990-10-31,-0.473,20653.43
1990-11-01,-0.152,20622.02
1990-11-02,-0.554,20507.82
1990-11-05,-0.596,20385.66
1990-11-06,-1.424,20095.33
1990-11-07,0.753,20246.58
1990-11-08,-0.822,20080.18
1990-11-09,-0.624,19954.95
1990-11-12,2.086,20371.31
1990-11-13,-1.072,20152.83
1990-11-14,0.068,20166.49
1990-11-15,0.906,20349.1
1990-11-16,0.361,20422.57
1990-11-19,1.78,20785.99
1990-11-20,-0.326,20718.14
1990-11-21,-0.214,20673.71
1990-11-23,-1.996,20261.08
1990-11-26,0.829,20428.96
1990-11-27,-1.889,20043.1
1990-11-28,0.873,20218.14
1990-11-29,1.156,20451.96
1990-11-30,0.243,20501.73
1990-12-03,-1.051,20286.3
1990-12-04,1.107,20510.78
1990-12-05,-0.046,20501.31
1990-12-06,0.716,20648.11
1990-12-07,-0.136,20619.94
1990-12-10,1.116,20850.08
1990-12-11,0.497,20953.71
1990-12-12,-0.277,20895.58
1990-12-13,0.111,20918.84
1990-12-14,-0.76,20759.85
1990-12-17,1.406,21051.75
1990-12-18,-0.216,21006.25
1990-12-19,-1.318,20729.36
1990-12-20,0.667,20867.69
1990-12-21,1.062,21089.3
1990-12-24,0.549,21205.07
1990-12-26,-0.815,21032.32
1990-12-27,-1.519,20712.76
1990-12-28,0.093,20732.12
1990-12-31,1.368,21015.68
1991-01-02,-1.769,20643.88
1991-01-03,-0.774,20484.05
1991-01-04,-0.522,20377.04
1991-01-07,-0.576,20259.76
1991-01-08,-0.674,20123.23
1991-01-09,-0.126,20097.79
1991-01-10,-0.791,19938.9
1991-01-11,1.262,20190.56
1991-01-14,-0.678,20053.73
1991-01-15,-1.799,19692.89
1991-01-16,0.698,19830.26
1991-01-17,-1.773,19478.64
1991-01-18,0.485,19573.06
1991-01-21,-1.132,19351.53
1991-01-22,0.34,19417.28
1991-01-23,2.747,19950.69
1991-01-24,-0.787,19793.76
1991-01-25,0.302,19853.47
1991-01-28,0.157,19884.7
1991-01-29,-0.795,19726.54
1991-01-30,1.291,19981.17
1991-01-31,2.394,20459.47
1991-02-01,-1.399,20173.25
1991-02-04,-0.632,20045.74
1991-02-05,-0.057,20034.41
1991-02-06,0.774,20189.41
1991-02-07,-1.841,19817.77
1991-02-08,1.413,20097.84
1991-02-11,-1.382,19820.01
1991-02-12,-0.541,19712.87
1991-02-13,0.005,19713.78
1991-02-14,0.94,19899.05
1991-02-15,-1.522,19596.21
1991-02-19,0.937,19779.91
1991-02-20,0.62,19902.62
1991-02-21,1.514,20204
1991-02-22,-0.229,20157.78
1991-02-25,1.246,20409
1991-02-26,0.299,20470.09
1991-02-27,2.214,20923.24
1991-02-28,0.062,20936.31
1991-03-01,0.407,21021.47
1991-03-04,-1.405,20726.11
1991-03-05,-1.051,20508.22
1991-03-06,-0.75,20354.31
1991-03-07,-0.235,20306.5
1991-03-08,-2.297,19840.05
1991-03-11,-1.494,19543.56
1991-03-12,0.304,19602.89
1991-03-13,1.698,19935.78
1991-03-14,-0.076,19920.58
1991-03-15,-0.563,19808.42
1991-03-18,-0.727,19664.51
1991-03-19,1.053,19871.63
1991-03-20,-1.244,19624.42
1991-03-21,2.126,20041.73
1991-03-22,-0.963,19848.76
1991-03-25,0.399,19927.86
1991-03-26,0.998,20126.79
1991-03-27,-0.362,20053.94
1991-03-28,-2.361,19580.47
1991-04-01,-1.18,19349.42
1991-04-02,-0.974,19161.03
1991-04-03,0.393,19236.42
1991-04-04,0.277,19289.79
1991-04-05,1.083,19498.67
1991-04-08,2.041,19896.72
1991-04-09,1.164,20128.34
1991-04-10,-1.442,19838.1
1991-04-11,-1.029,19633.99
1991-04-12,2.553,20135.18
1991-04-15,-0.991,19935.73
1991-04-16,1.528,20240.27
1991-04-17,0.725,20387.04
1991-04-18,0.368,20462.05
1991-04-19,-0.557,20348.01
1991-04-22,-0.802,20184.81
1991-04-23,0.127,20210.4
1991-04-24,-1.361,19935.26
1991-04-25,-0.119,19911.59
1991-04-26,0.269,19965.24
1991-04-29,-0.358,19893.68
1991-04-30,0.331,19959.45
1991-05-01,-0.058,19947.92
1991-05-02,-0.963,19755.77
1991-05-03,1.937,20138.41
1991-05-06,-0.593,20018.9
1991-05-07,1.571,20333.37
1991-05-08,1.096,20556.23
1991-05-09,1.895,20945.85
1991-05-10,-1.033,20729.57
1991-05-13,-0.101,20708.6
1991-05-14,-1.112,20478.38
1991-05-15,0.165,20512.22
1991-05-16,0.549,20624.81
1991-05-17,-1.108,20396.33
1991-05-20,-0.7,20253.47
1991-05-21,0.515,20357.79
1991-05-22,1.008,20563.06
1991-05-23,-1.878,20176.92
1991-05-24,-0.407,20094.7
1991-05-28,-2.037,19685.41
1991-05-29,0.408,19765.72
1991-05-30,-0.891,19589.57
1991-05-31,0.271,19642.61
1991-06-03,0.194,19680.76
1991-06-04,0.593,19797.54
1991-06-05,0.556,19907.71
1991-06-06,-0.439,19820.29
1991-06-07,-2.044,19415.12
1991-06-10,0.413,19495.31
1991-06-11,-0.08,19479.62
1991-06-12,0.339,19545.74
1991-06-13,-2.187,19118.36
1991-06-14,0.426,19199.73
1991-06-17,0.977,19387.32
1991-06-18,-1.769,19044.3
1991-06-19,2.152,19454.2
1991-06-20,2.09,19860.71
1991-06-21,1.057,20070.56
1991-06-24,0.161,20102.97
1991-06-25,0.932,20290.24
1991-06-26,0.55,20401.83
1991-06-27,0.517,20507.35
1991-06-28,-2.372,20020.94
1991-07-01,0.449,20110.74
1991-07-02,0.085,20127.79
1991-07-03,0.195,20166.96
1991-07-05,0.134,20193.9
1991-07-08,-1.567,19877.4
1991-07-09,0.311,19939.2
1991-07-10,-1.244,19691.14
1991-07-11,-2.294,19239.41
1991-07-12,-2.158,18824.21
1991-07-15,-1.453,18550.76
1991-07-16,0.01,18552.58
1991-07-17,-0.355,18486.76
1991-07-18,0.696,18615.4
1991-07-19,0.646,18735.71
1991-07-22,-0.255,18688.01
1991-07-23,-2.314,18255.66
1991-07-24,1.11,18458.29
1991-07-25,-1.943,18099.65
1991-07-26,-2.116,17716.69
1991-07-29,0.027,17721.43
1991-07-30,-0.557,17622.75
1991-07-31,-0.906,17463.05
1991-08-01,-1.502,17200.84
1991-08-02,-0.087,17185.95
1991-08-05,-1.974,16846.67
1991-08-06,-1.054,16669.13
1991-08-07,-0.579,16572.55
1991-08-08,0.513,16657.63
1991-08-09,-0.965,16496.85
1991-08-12,1.567,16755.42
1991-08-13,-0.395,16689.24
1991-08-14,0.974,16851.87
1991-08-15,0.934,17009.19
1991-08-16,-1.006,16838.13
1991-08-19,1.869,17152.84
1991-08-20,-0.934,16992.58
1991-08-21,-0.267,16947.19
1991-08-22,-0.732,16823.11
1991-08-23,1.337,17048.09
1991-08-26,1.143,17242.95
1991-08-27,0.083,17257.24
1991-08-28,-1.455,17006.07
1991-08-29,-0.153,16979.98
1991-08-30,1.593,17250.45
1991-09-03,1.038,17429.51
1991-09-04,1.14,17628.27
1991-09-05,-0.739,17498.08
1991-09-06,0.284,17547.86
1991-09-09,-0.607,17441.38
1991-09-10,2.115,17810.27
1991-09-11,-1.308,17577.25
1991-09-12,0.9,17735.5
1991-09-13,-1.448,17478.64
1991-09-16,-0.169,17449.06
1991-09-17,-0.13,17426.45
1991-09-18,-0.805,17286.08
1991-09-19,0.883,17438.71
1991-09-20,0.391,17506.86
1991-09-23,-0.385,17439.44
1991-09-24,-0.513,17349.97
1991-09-25,-0.288,17300.02
1991-09-26,0.153,17326.56
1991-09-27,0.659,17440.71
1991-09-30,0.867,17591.87
1991-10-01,0.209,17628.64
1991-10-02,0.96,17797.85
1991-10-03,-0.202,17761.96
1991-10-04,0.972,17934.67
1991-10-07,0.057,17944.81
1991-10-08,1.214,18162.61
1991-10-09,-0.347,18099.54
1991-10-10,-0.124,18077.15
1991-10-11,-1.149,17869.42
1991-10-14,-0.051,17860.38
1991-10-15,1.575,18141.68
1991-10-16,-1.765,17821.44
1991-10-17,-0.031,17815.94
1991-10-18,-0.735,17685.08
1991-10-21,1.846,18011.54
1991-10-22,1.383,18260.66
1991-10-23,-1.199,18041.68
1991-10-24,0.671,18162.7
1991-10-25,1.887,18505.4
1991-10-28,0.596,18615.78
1991-10-29,-1.772,18285.84
1991-10-30,0.165,18316.08
1991-10-31,1.351,18563.56
1991-11-01,-0.014,18561
1991-11-04,-0.145,18534.08
1991-11-05,0.453,18618.13
1991-11-06,0.394,18691.56
1991-11-07,0.396,18765.64
1991-11-08,-0.76,18622.94
1991-11-11,1.272,18859.82
1991-11-12,-1.099,18652.49
1991-11-13,-2.534,18179.88
1991-11-14,0.034,18185.99
1991-11-15,1.112,18388.28
1991-11-18,0.774,18530.61
1991-11-19,1.019,18719.51
1991-11-20,-2.153,18316.42
1991-11-21,-2.177,17917.73
1991-11-22,0.316,17974.38
1991-11-25,0.331,18033.91
1991-11-26,-0.233,17991.9
1991-11-27,0.48,18078.26
1991-11-29,0.826,18227.64
1991-12-02,0.637,18343.73
1991-12-03,1.891,18690.7
1991-12-04,-1.147,18476.28
1991-12-05,-1.371,18222.9
1991-12-06,-0.376,18154.42
1991-12-09,-1.383,17903.27
1991-12-10,1.437,18160.56
1991-12-11,-0.335,18099.68
1991-12-12,-0.899,17937.04
1991-12-13,0.613,18046.99
1991-12-16,-0.347,17984.34
1991-12-17,-0.188,17950.48
1991-12-18,1.767,18267.7
1991-12-19,-0.441,18187.15
1991-12-20,1.308,18425.07
1991-12-23,1.146,18636.22
1991-12-24,0.574,18743.12
1991-12-26,0.961,18923.25
1991-12-27,-0.141,18896.57
1991-12-30,-0.056,18885.92
1991-12-31,0.69,19016.22
1992-01-02,-2.118,18613.42
1992-01-03,-0.189,18578.27
1992-01-06,1.369,18832.53
1992-01-07,0.437,18914.91
1992-01-08,0.505,19010.38
1992-01-09,-2.109,18609.38
1992-01-10,-1.501,18330.14
1992-01-13,-0.501,18238.25
1992-01-14,-0.289,18185.52
1992-01-15,-1.476,17917.07
1992-01-16,-0.07,17904.52
1992-01-17,2.201,18298.51
1992-01-20,0.461,18382.78
1992-01-21,0.354,18447.82
1992-01-22,0.099,18466.14
1992-01-23,-0.238,18422.15
1992-01-24,-0.429,18343.18
1992-01-27,-0.954,18168.25
1992-01-28,0.555,18269.11
1992-01-29,0.18,18302
1992-01-30,-0.31,18245.25
1992-01-31,-0.22,18205.1
1992-02-03,0.126,18228.1
1992-02-04,0.015,18230.8
1992-02-05,0.567,18334.16
1992-02-06,0.464,18419.22
1992-02-07,0.463,18504.48
1992-02-10,-0.9,18337.85
1992-02-11,-0.536,18239.47
1992-02-12,-0.739,18104.62
1992-02-13,-0.973,17928.44
1992-02-14,0.242,17971.76
1992-02-18,-0.169,17941.47
1992-02-19,-0.295,17888.47
1992-02-20,0.036,17894.88
1992-02-21,-0.474,17809.99
1992-02-24,-0.246,17766.24
1992-02-25,0.094,17782.97
1992-02-26,1.099,17978.44
1992-02-27,0.063,17989.75
1992-02-28,-0.059,17979.17
1992-03-02,-0.05,17970.15
1992-03-03,-1.205,17753.64
1992-03-04,-0.844,17603.87
1992-03-05,-0.296,17551.68
1992-03-06,0.361,17614.98
1992-03-09,0.411,17687.36
1992-03-10,-0.56,17588.26
1992-03-11,-0.363,17524.34
1992-03-12,-0.991,17350.63
1992-03-13,-1.055,17167.58
1992-03-16,0.113,17186.93
1992-03-17,1.247,17401.27
1992-03-18,-0.17,17371.64
1992-03-19,-0.212,17334.74
1992-03-20,0.346,17394.74
1992-03-23,-0.091,17378.85
1992-03-24,0.333,17436.71
1992-03-25,-0.352,17375.4
1992-03-26,-0.039,17368.56
1992-03-27,0.197,17402.75
1992-03-30,0.23,17442.76
1992-03-31,-0.41,17371.27
1992-04-01,-0.998,17197.93
1992-04-02,0.312,17251.55
1992-04-03,0.045,17259.31
1992-04-06,0.212,17295.87
1992-04-07,0.714,17419.39
1992-04-08,-0.224,17380.38
1992-04-09,0.736,17508.23
1992-04-10,0.269,17555.31
1992-04-13,0.218,17593.54
1992-04-14,0.306,17647.45
1992-04-15,-0.44,17569.75
1992-04-16,-0.807,17428.04
1992-04-20,-0.931,17265.78
1992-04-21,-0.209,17229.71
1992-04-22,0.672,17345.53
1992-04-23,0.316,17400.41
1992-04-24,0.556,17497.14
1992-04-27,-0.003,17496.64
1992-04-28,-0.249,17453.05
1992-04-29,-0.564,17354.68
1992-04-30,-0.26,17309.64
1992-05-01,0.41,17380.68
1992-05-04,-0.184,17348.72
1992-05-05,-0.106,17330.3
1992-05-06,0.534,17422.85
1992-05-07,0.227,17462.48
1992-05-08,0.188,17495.31
1992-05-11,0.061,17506.01
1992-05-12,-0.016,17503.28
1992-05-13,-0.103,17485.29
1992-05-14,-0.636,17374
1992-05-15,0.341,17433.28
1992-05-18,-0.107,17414.59
1992-05-19,0.401,17484.37
1992-05-20,-0.241,17442.2
1992-05-21,-0.469,17360.48
1992-05-22,0.35,17421.22
1992-05-26,0.009,17422.83
1992-05-27,-0.507,17334.48
1992-05-28,0.69,17454.16
1992-05-29,0.926,17615.79
1992-06-01,-0.211,17578.61
1992-06-02,-0.2,17543.52
1992-06-03,-0.021,17539.92
1992-06-04,0.629,17650.29
1992-06-05,0.575,17751.72
1992-06-08,-0.33,17693.09
1992-06-09,-0.184,17660.52
1992-06-10,-0.024,17656.36
1992-06-11,0.679,17776.27
1992-06-12,-0.05,17767.31
1992-06-15,0.322,17824.57
1992-06-16,0.694,17948.23
1992-06-17,0.192,17982.73
1992-06-18,0.058,17993.16
1992-06-19,-0.32,17935.67
1992-06-22,0.097,17953.12
1992-06-23,-0.272,17904.34
1992-06-24,1.12,18104.91
1992-06-25,0.723,18235.77
1992-06-26,0.262,18283.56
1992-06-29,0.48,18371.26
1992-06-30,-0.638,18254.02
1992-07-01,-0.233,18211.52
1992-07-02,1.692,18519.64
1992-07-06,-0.248,18473.67
1992-07-07,0.435,18553.97
1992-07-08,-0.09,18537.2
1992-07-09,-1.382,18280.99
1992-07-10,0.425,18358.77
1992-07-13,0.441,18439.72
1992-07-14,0.01,18441.52
1992-07-15,0.209,18480
1992-07-16,0.543,18580.43
1992-07-17,0.021,18584.25
1992-07-20,-1.254,18351.28
1992-07-21,-0.017,18348.24
1992-07-22,0.168,18379
1992-07-23,0.494,18469.75
1992-07-24,-0.742,18332.62
1992-07-27,1.075,18529.71
1992-07-28,0.248,18575.74
1992-07-29,-0.823,18422.94
1992-07-30,-0.322,18363.54
1992-07-31,-0.188,18329.06
1992-08-03,-0.007,18327.74
1992-08-04,0.1,18346.13
1992-08-05,0.188,18380.7
1992-08-06,0.466,18466.27
1992-08-07,1.214,18690.37
1992-08-10,0.278,18742.29
1992-08-11,0.112,18763.31
1992-08-12,0.657,18886.57
1992-08-13,-0.404,18810.32
1992-08-14,-0.104,18790.71
1992-08-17,-0.087,18774.31
1992-08-18,1.002,18962.52
1992-08-19,0.22,19004.33
1992-08-20,0.116,19026.34
1992-08-21,0.097,19044.75
1992-08-24,0.545,19148.62
1992-08-25,-0.051,19138.81
1992-08-26,-0.263,19088.52
1992-08-27,0.627,19208.21
1992-08-28,0.452,19294.98
1992-08-31,0.068,19308.04
1992-09-01,0.348,19375.14
1992-09-02,0.168,19407.78
1992-09-03,-0.844,19244.04
1992-09-04,1.262,19486.92
1992-09-08,0.6,19603.76
1992-09-09,-0.586,19488.91
1992-09-10,-0.158,19458.06
1992-09-11,-1.124,19239.42
1992-09-14,-0.704,19104.04
1992-09-15,-0.696,18971.09
1992-09-16,-1.081,18765.97
1992-09-17,0.309,18824.04
1992-09-18,-0.489,18732.01
1992-09-21,0.054,18742.13
1992-09-22,0.388,18814.93
1992-09-23,0.374,18885.33
1992-09-24,-0.159,18855.34
1992-09-25,0.182,18889.68
1992-09-28,0.879,19055.79
1992-09-29,1.155,19275.8
1992-09-30,-0.068,19262.7
1992-10-01,0.207,19302.63
1992-10-02,0.264,19353.62
1992-10-05,-1.33,19096.2
1992-10-06,-0.542,18992.63
1992-10-07,-1.153,18773.57
1992-10-08,-1.028,18580.6
1992-10-09,0.188,18615.52
1992-10-12,-0.473,18527.42
1992-10-13,-0.545,18426.53
1992-10-14,0.04,18433.95
1992-10-15,0.865,18593.37
1992-10-16,-0.276,18541.96
1992-10-19,-0.671,18417.6
1992-10-20,-1.637,18116.16
1992-10-21,-0.516,18022.63
1992-10-22,-0.244,17978.63
1992-10-23,-0.52,17885.11
1992-10-26,0.264,17932.36
1992-10-27,0.09,17948.5
1992-10-28,-0.11,17928.76
1992-10-29,-0.756,17793.19
1992-10-30,-0.428,17717.08
1992-11-02,-0.241,17674.36
1992-11-03,-0.024,17670.2
1992-11-04,-0.416,17596.74
1992-11-05,0.078,17610.53
1992-11-06,-1.286,17384.05
1992-11-09,0.87,17535.34
1992-11-10,0.272,17583.11
1992-11-11,-0.256,17538.08
1992-11-12,0.193,17571.88
1992-11-13,-0.687,17451.2
1992-11-16,-0.827,17306.91
1992-11-17,0.017,17309.83
1992-11-18,0.225,17348.82
1992-11-19,0.321,17404.47
1992-11-20,-0.526,17312.9
1992-11-23,-0.234,17272.36
1992-11-24,0.25,17315.47
1992-11-25,-0.265,17269.59
1992-11-27,-0.675,17152.98
1992-11-30,0.426,17226.09
1992-12-01,0.031,17231.39
1992-12-02,-0.004,17230.77
1992-12-03,0.405,17300.48
1992-12-04,0.071,17312.78
1992-12-07,-0.509,17224.68
1992-12-08,0.374,17289.06
1992-12-09,0.106,17307.32
1992-12-10,-0.141,17282.87
1992-12-11,-0.153,17256.49
1992-12-14,-0.224,17217.92
1992-12-15,-0.045,17210.23
1992-12-16,-0.385,17143.97
1992-12-17,-0.363,17081.79
1992-12-18,0.022,17085.62
1992-12-21,-0.08,17071.99
1992-12-22,0.725,17195.68
1992-12-23,-0.311,17142.18
1992-12-24,-0.148,17116.8
1992-12-28,-0.082,17102.84
1992-12-29,0.41,17173.04
1992-12-30,-0.102,17155.6
1992-12-31,-0.019,17152.32
1993-01-04,0.324,17207.88
1993-01-05,-0.634,17098.71
1993-01-06,0.184,17130.23
1993-01-07,-0.679,17013.98
1993-01-08,-0.704,16894.19
1993-01-11,-0.219,16857.22
1993-01-12,0.364,16918.52
1993-01-13,-0.099,16901.71
1993-01-14,-0.095,16885.71
1993-01-15,0.131,16907.8
1993-01-18,-0.72,16786.07
1993-01-19,-0.169,16757.77
1993-01-20,0.265,16802.11
1993-01-21,0.221,16839.29
1993-01-22,-0.615,16735.73
1993-01-25,-1.194,16535.86
1993-01-26,0.148,16560.36
1993-01-27,0.119,16580.09
1993-01-28,-0.707,16462.83
1993-01-29,0.805,16595.35
1993-02-01,1.13,16782.94
1993-02-02,0.164,16810.49
1993-02-03,0.188,16842.16
1993-02-04,-0.582,16744.18
1993-02-05,0.734,16867.08
1993-02-08,0.568,16962.93
1993-02-09,0.109,16981.49
1993-02-10,-0.21,16945.89
1993-02-11,-0.176,16916
1993-02-12,0.913,17070.46
1993-02-16,-0.516,16982.44
1993-02-17,0.093,16998.29
1993-02-18,0.168,17026.84
1993-02-19,-0.239,16986.1
1993-02-22,0.394,17053.01
1993-02-23,-0.25,17010.3
1993-02-24,0.311,17063.21
1993-02-25,-0.024,17059.19
1993-02-26,0.019,17062.42
1993-03-01,0.222,17100.29
1993-03-02,-0.248,17057.86
1993-03-03,0.427,17130.64
1993-03-04,-0.487,17047.26
1993-03-05,0.92,17204.14
1993-03-08,0.593,17306.2
1993-03-09,-0.376,17241.21
1993-03-10,0.233,17281.45
1993-03-11,-0.034,17275.56
1993-03-12,-0.855,17127.82
1993-03-15,0.83,17269.91
1993-03-16,-0.216,17232.68
1993-03-17,0.419,17304.89
1993-03-18,-0.356,17243.23
1993-03-19,0.631,17351.99
1993-03-22,0.269,17398.61
1993-03-23,-0.247,17355.68
1993-03-24,-0.078,17342.09
1993-03-25,0.112,17361.47
1993-03-26,-0.576,17261.55
1993-03-29,-0.078,17248.09
1993-03-30,0.199,17282.46
1993-03-31,0.065,17293.62
1993-04-01,-0.416,17221.76
1993-04-02,0.382,17287.61
1993-04-05,0.001,17287.78
1993-04-06,1.232,17500.82
1993-04-07,0.202,17536.25
1993-04-08,0.602,17641.9
1993-04-12,0.124,17663.72
1993-04-13,0.011,17665.68
1993-04-14,0.379,17732.6
1993-04-15,0.748,17865.25
1993-04-16,1.056,18053.96
1993-04-19,0.203,18090.65
1993-04-20,0.285,18142.23
1993-04-21,0.888,18303.41
1993-04-22,0.958,18478.84
1993-04-23,-1.15,18266.31
1993-04-26,-0.894,18102.96
1993-04-27,0.401,18175.56
1993-04-28,-0.498,18085.06
1993-04-29,-0.268,18036.59
1993-04-30,0.034,18042.76
1993-05-03,-0.1,18024.71
1993-05-04,0.494,18113.84
1993-05-05,-0.018,18110.53
1993-05-06,0.089,18126.71
1993-05-07,0.17,18157.59
1993-05-10,-0.258,18110.69
1993-05-11,0.413,18185.56
1993-05-12,0.279,18236.31
1993-05-13,0.502,18327.82
1993-05-14,0.542,18427.11
1993-05-17,-0.243,18382.34
1993-05-18,-0.615,18269.25
1993-05-19,-0.128,18245.9
1993-05-20,-0.186,18211.92
1993-05-21,0.288,18264.3
1993-05-24,-0.759,18125.69
1993-05-25,0.477,18212.08
1993-05-26,0.397,18284.3
1993-05-27,-0.025,18279.67
1993-05-28,-0.167,18249.18
1993-06-01,0.316,18306.89
1993-06-02,0.141,18332.68
1993-06-03,0.217,18372.51
1993-06-04,1.114,18577.19
1993-06-07,0.14,18603.11
1993-06-08,0.521,18700.06
1993-06-09,0.414,18777.45
1993-06-10,0.547,18880.2
1993-06-11,0.414,18958.3
1993-06-14,0.484,19050.08
1993-06-15,0.36,19118.59
1993-06-16,-0.098,19099.81
1993-06-17,0.589,19212.4
1993-06-18,-0.146,19184.32
1993-06-21,-0.05,19174.74
1993-06-22,0.178,19208.93
1993-06-23,0.639,19331.72
1993-06-24,0.861,19498.13
1993-06-25,0.451,19586.08
1993-06-28,0.551,19694.02
1993-06-29,-0.636,19568.67
1993-06-30,1.036,19771.31
1993-07-01,-0.398,19692.62
1993-07-02,0.219,19735.75
1993-07-06,0.013,19738.24
1993-07-07,0.708,19878.03
1993-07-08,-0.018,19874.47
1993-07-09,0.859,20045.2
1993-07-12,0.285,20102.33
1993-07-13,-0.326,20036.73
1993-07-14,0.751,20187.13
1993-07-15,0.003,20187.73
1993-07-16,0.208,20229.65
1993-07-19,-0.915,20044.48
1993-07-20,0.133,20071.1
1993-07-21,-0.465,19977.73
1993-07-22,0.662,20110.03
1993-07-23,-0.004,20109.28
1993-07-26,0.542,20218.35
1993-07-27,-0.343,20149.04
1993-07-28,0.052,20159.49
1993-07-29,1.208,20403.01
1993-07-30,0.296,20463.45
1993-08-02,-0.562,20348.47
1993-08-03,0.072,20363.15
1993-08-04,-0.627,20235.5
1993-08-05,-0.127,20209.86
1993-08-06,-0.009,20208.14
1993-08-09,-0.149,20177.96
1993-08-10,0.842,20347.88
1993-08-11,-0.249,20297.3
1993-08-12,-0.757,20143.71
1993-08-13,-0.022,20139.2
1993-08-16,-0.564,20025.61
1993-08-17,0.144,20054.37
1993-08-18,-0.66,19922.07
1993-08-19,-1.091,19704.79
1993-08-20,-0.599,19586.85
1993-08-23,0.062,19598.9
1993-08-24,-0.376,19525.23
1993-08-25,0.438,19610.8
1993-08-26,-0.775,19458.78
1993-08-27,-0.051,19448.88
1993-08-30,0.105,19469.32
1993-08-31,0.5,19566.63
1993-09-01,-0.3,19507.99
1993-09-02,-0.592,19392.6
1993-09-03,-0.074,19378.3
1993-09-07,-0.273,19325.36
1993-09-08,-0.374,19253.08
1993-09-09,-0.898,19080.15
1993-09-10,-0.599,18965.78
1993-09-13,-0.692,18834.62
1993-09-14,-0.504,18739.65
1993-09-15,-1.354,18486
1993-09-16,0.79,18631.98
1993-09-17,-0.204,18593.9
1993-09-20,-0.601,18482.21
1993-09-21,-0.516,18386.92
1993-09-22,-0.107,18367.21
1993-09-23,0.033,18373.36
1993-09-24,-0.048,18364.49
1993-09-27,0.61,18476.47
1993-09-28,0.469,18563.15
1993-09-29,-0.909,18394.37
1993-09-30,-1.02,18206.74
1993-10-01,0.064,18218.38
1993-10-04,0.666,18339.63
1993-10-05,0.341,18402.2
1993-10-06,0.038,18409.25
1993-10-07,0.133,18433.7
1993-10-08,0.718,18566
1993-10-11,-0.183,18532.02
1993-10-12,0.348,18596.6
1993-10-13,-0.128,18572.8
1993-10-14,-0.213,18533.21
1993-10-15,0.698,18662.58
1993-10-18,-0.356,18596.05
1993-10-19,0.224,18637.78
1993-10-20,0.209,18676.71
1993-10-21,-0.698,18546.35
1993-10-22,0.036,18553.05
1993-10-25,0.067,18565.49
1993-10-26,0.579,18672.92
1993-10-27,-0.389,18600.2
1993-10-28,0.786,18746.49
1993-10-29,0.498,18839.94
1993-11-01,-0.994,18652.72
1993-11-02,-0.043,18644.63
1993-11-03,0.12,18667.03
1993-11-04,0.029,18672.47
1993-11-05,-0.172,18640.33
1993-11-08,0.5,18733.53
1993-11-09,1.176,18953.83
1993-11-10,0.555,19059.06
1993-11-11,-0.349,18992.48
1993-11-12,0.72,19129.2
1993-11-15,0.124,19152.93
1993-11-16,0.064,19165.27
1993-11-17,0.183,19200.28
1993-11-18,0.209,19240.44
1993-11-19,-0.371,19169.06
1993-11-22,-0.414,19089.73
1993-11-23,0.32,19150.9
1993-11-24,0.049,19160.22
1993-11-26,0.758,19305.45
1993-11-29,0.861,19471.58
1993-11-30,-0.272,19418.56
1993-12-01,0.685,19551.6
1993-12-02,0.401,19630.05
1993-12-03,0.458,19719.93
1993-12-06,0.448,19808.36
1993-12-07,0.275,19862.76
1993-12-08,0.216,19905.72
1993-12-09,0.759,20056.9
1993-12-10,-1.043,19847.61
1993-12-13,0.662,19978.94
1993-12-14,0.37,20052.9
1993-12-15,0.193,20091.55
1993-12-16,0.541,20200.19
1993-12-17,0.302,20261.13
1993-12-20,0.586,20379.88
1993-12-21,0.609,20503.93
1993-12-22,0.199,20544.68
1993-12-23,0.37,20620.7
1993-12-27,0.599,20744.19
1993-12-28,0.211,20788.01
1993-12-29,0.154,20819.92
1993-12-30,0.34,20890.8
1993-12-31,0.087,20909.06
1994-01-03,-0.549,20794.3
1994-01-04,-0.651,20658.84
1994-01-05,-1.436,20362.28
1994-01-06,0.042,20370.84
1994-01-07,0.796,20532.99
1994-01-10,0.332,20601.22
1994-01-11,-0.903,20415.24
1994-01-12,0.782,20574.85
1994-01-13,-0.403,20491.94
1994-01-14,-1.509,20182.64
1994-01-17,-0.443,20093.15
1994-01-18,0.208,20134.92
1994-01-19,-0.344,20065.75
1994-01-20,0.192,20104.26
1994-01-21,-0.406,20022.7
1994-01-24,-0.398,19942.96
1994-01-25,-0.627,19817.89
1994-01-26,-0.892,19641.07
1994-01-27,-0.662,19510.96
1994-01-28,0.217,19553.29
1994-01-31,0.164,19585.41
1994-02-01,-0.661,19455.94
1994-02-02,-0.313,19395.09
1994-02-03,-0.817,19236.56
1994-02-04,-0.094,19218.42
1994-02-07,0.663,19345.83
1994-02-08,0.066,19358.65
1994-02-09,1.006,19553.44
1994-02-10,0.102,19573.39
1994-02-11,0.04,19581.15
1994-02-14,1.133,19802.94
1994-02-15,0.268,19855.97
1994-02-16,0.753,20005.54
1994-02-17,-0.89,19827.47
1994-02-18,-0.595,19709.49
1994-02-22,-0.038,19702.03
1994-02-23,-0.251,19652.58
1994-02-24,-0.979,19460.24
1994-02-25,0.321,19522.69
1994-02-28,0.374,19595.61
1994-03-01,-1.294,19342.09
1994-03-02,-0.392,19266.23
1994-03-03,0.067,19279.19
1994-03-04,0.863,19445.6
1994-03-07,0.86,19612.9
1994-03-08,-0.224,19569.01
1994-03-09,-0.061,19557.03
1994-03-10,0.041,19565.13
1994-03-11,-0.095,19546.51
1994-03-14,0.308,19606.65
1994-03-15,0.027,19611.9
1994-03-16,-0.058,19600.5
1994-03-17,0.359,19670.91
1994-03-18,-0.077,19655.73
1994-03-21,-0.455,19566.38
1994-03-22,-0.365,19494.98
1994-03-23,0.76,19643.2
1994-03-24,0.414,19724.46
1994-03-25,-0.156,19693.76
1994-03-28,1.646,20017.98
1994-03-29,-0.67,19883.82
1994-03-30,0.255,19934.61
1994-03-31,-0.22,19890.85
1994-04-04,-0.924,19706.97
1994-04-05,-1.732,19365.58
1994-04-06,0.254,19414.82
1994-04-07,0.145,19443.05
1994-04-08,0.049,19452.48
1994-04-11,-0.878,19281.77
1994-04-12,0.076,19296.45
1994-04-13,0.58,19408.36
1994-04-14,-0.241,19361.67
1994-04-15,-0.179,19326.94
1994-04-18,1.199,19558.59
1994-04-19,-0.067,19545.58
1994-04-20,-0.034,19538.89
1994-04-21,-0.865,19369.79
1994-04-22,-0.801,19214.61
1994-04-25,0.293,19270.83
1994-04-26,-0.122,19247.24
1994-04-28,1.767,19587.26
1994-04-29,-0.262,19535.85
1994-05-02,-0.056,19524.82
1994-05-03,1.332,19784.97
1994-05-04,0.722,19927.82
1994-05-05,-0.522,19823.86
1994-05-06,0.757,19973.88
1994-05-09,0.559,20085.55
1994-05-10,-1.14,19856.57
1994-05-11,0.302,19916.55
1994-05-12,-0.385,19839.95
1994-05-13,-0.263,19787.82
1994-05-16,-0.3,19728.54
1994-05-17,0.337,19795.03
1994-05-18,0.099,19814.58
1994-05-19,-0.701,19675.65
1994-05-20,0.297,19734.1
1994-05-23,0.795,19891.04
1994-05-24,0.648,20019.9
1994-05-25,1.013,20222.8
1994-05-26,0.153,20253.74
1994-05-27,0.237,20301.71
1994-05-31,0.333,20369.38
1994-06-01,0.717,20515.53
1994-06-02,-0.667,20378.64
1994-06-03,-0.973,20180.39
1994-06-06,0.051,20190.74
1994-06-07,1.545,20502.61
1994-06-08,-0.24,20453.4
1994-06-09,0.694,20595.37
1994-06-10,0.186,20633.64
1994-06-13,1.832,21011.72
1994-06-14,0.118,21036.53
1994-06-15,1.107,21269.3
1994-06-16,0.534,21382.85
1994-06-17,1.43,21688.68
1994-06-20,0.998,21905.21
1994-06-21,1.486,22230.7
1994-06-22,-1.548,21886.47
1994-06-23,-0.199,21843
1994-06-24,1.784,22232.73
1994-06-27,-1.057,21997.79
1994-06-28,0.464,22099.93
1994-06-29,-0.223,22050.67
1994-06-30,1.506,22382.69
1994-07-01,0.245,22437.49
1994-07-05,0.39,22524.94
1994-07-06,0.289,22589.99
1994-07-07,-0.796,22410.14
1994-07-08,0.448,22510.54
1994-07-11,1.426,22831.49
1994-07-12,-0.378,22745.19
1994-07-13,-0.589,22611.28
1994-07-14,-1.064,22370.7
1994-07-15,0.41,22462.46
1994-07-18,-0.513,22347.27
1994-07-19,-0.205,22301.49
1994-07-20,1.169,22562.27
1994-07-21,-0.375,22477.61
1994-07-22,0.745,22645.03
1994-07-25,0.075,22662.06
1994-07-26,0.205,22708.49
1994-07-27,1.375,23020.72
1994-07-28,-0.302,22951.13
1994-07-29,0.175,22991.32
1994-08-01,0.587,23126.38
1994-08-02,-1.325,22820.02
1994-08-03,0.442,22920.86
1994-08-04,0.469,23028.25
1994-08-05,0.262,23088.65
1994-08-08,-0.246,23031.88
1994-08-09,0.637,23178.7
1994-08-10,-0.35,23097.54
1994-08-11,1.819,23517.69
1994-08-12,-0.635,23368.34
1994-08-15,0.105,23392.96
1994-08-16,-1.235,23104.08
1994-08-17,0.193,23148.63
1994-08-18,1.789,23562.71
1994-08-19,-0.496,23445.8
1994-08-22,0.098,23468.84
1994-08-23,-0.094,23446.69
1994-08-24,-0.642,23296.18
1994-08-25,0.223,23348.14
1994-08-26,-1.456,23008.16
1994-08-29,0.539,23132.07
1994-08-30,0.46,23238.55
1994-08-31,0.016,23242.25
1994-09-01,0.347,23322.96
1994-09-02,1.02,23560.89
1994-09-06,1.056,23809.76
1994-09-07,-0.078,23791.16
1994-09-08,-0.437,23687.12
1994-09-09,1.703,24090.6
1994-09-12,0.009,24092.77
1994-09-13,-0.426,23990.04
1994-09-14,0.818,24186.33
1994-09-15,-0.344,24103.02
1994-09-16,1.73,24519.89
1994-09-19,-0.226,24464.59
1994-09-20,0.565,24602.88
1994-09-21,0.141,24637.67
1994-09-22,-0.239,24578.81
1994-09-23,0.223,24633.72
1994-09-26,-0.068,24617.08
1994-09-27,0.486,24736.77
1994-09-28,-0.927,24507.42
1994-09-29,0.689,24676.32
1994-09-30,-0.112,24648.56
1994-10-03,0.53,24779.21
1994-10-04,-0.276,24710.7
1994-10-05,0.747,24895.21
1994-10-06,-0.229,24838.11
1994-10-07,-0.71,24661.84
1994-10-10,-0.339,24578.12
1994-10-11,-1.214,24279.77
1994-10-12,-0.263,24215.88
1994-10-13,-0.445,24108.21
1994-10-14,0.293,24178.92
1994-10-17,0.265,24242.9
1994-10-18,-0.015,24239.29
1994-10-19,0.994,24480.31
1994-10-20,0.052,24493.06
1994-10-21,-0.679,24326.87
1994-10-24,0.423,24429.75
1994-10-25,0.544,24562.64
1994-10-26,0.122,24592.62
1994-10-27,-0.805,24394.64
1994-10-28,-0.921,24169.99
1994-10-31,0.242,24228.59
1994-11-01,0.879,24441.47
1994-11-02,0.527,24570.32
1994-11-03,-0.261,24506.12
1994-11-04,0.552,24641.44
1994-11-07,0.642,24799.58
1994-11-08,-0.014,24796.2
1994-11-09,-1.401,24448.9
1994-11-10,0.415,24550.27
1994-11-11,0.79,24744.13
1994-11-14,-0.401,24644.89
1994-11-15,-0.921,24418.01
1994-11-16,1.085,24683.04
1994-11-17,1.025,24935.97
1994-11-18,-0.467,24819.57
1994-11-21,0.612,24971.36
1994-11-22,0.117,25000.64
1994-11-23,-0.549,24863.38
1994-11-25,-0.322,24783.42
1994-11-28,1.004,25032.2
1994-11-29,0.932,25265.44
1994-11-30,0.204,25316.88
1994-12-01,0.155,25356.14
1994-12-02,-1.327,25019.64
1994-12-05,0.065,25035.99
1994-12-06,0.294,25109.63
1994-12-07,0.122,25140.32
1994-12-08,-0.222,25084.56
1994-12-09,-0.3,25009.24
1994-12-12,0.85,25221.86
1994-12-13,0.685,25394.64
1994-12-14,0.078,25414.55
1994-12-15,0.157,25454.52
1994-12-16,0.226,25511.99
1994-12-19,0.61,25667.63
1994-12-20,0.016,25671.65
1994-12-21,-0.55,25530.47
1994-12-22,0.637,25693.03
1994-12-23,0.236,25753.59
1994-12-27,-0.431,25642.71
1994-12-28,1.457,26016.37
1994-12-29,0.504,26147.39
1994-12-30,0.191,26197.32
1995-01-03,0.349,26288.68
1995-01-04,0.13,26322.9
1995-01-05,0.851,26546.99
1995-01-06,-0.379,26446.38
1995-01-09,1.586,26865.89
1995-01-10,0.177,26913.43
1995-01-11,-0.186,26863.49
1995-01-12,0.759,27067.38
1995-01-13,-1.414,26684.67
1995-01-16,-0.19,26633.91
1995-01-17,0.398,26739.94
1995-01-18,0.43,26854.81
1995-01-19,1.33,27212.06
1995-01-20,0.661,27391.97
1995-01-23,0.566,27547.13
1995-01-24,-0.13,27511.33
1995-01-25,-0.566,27355.66
1995-01-26,-0.541,27207.71
1995-01-27,-0.655,27029.53
1995-01-30,0.984,27295.56
1995-01-31,-0.986,27026.51
1995-02-01,-0.451,26904.59
1995-02-02,-0.139,26867.14
1995-02-03,-1.833,26374.62
1995-02-06,-0.879,26142.7
1995-02-07,-0.061,26126.73
1995-02-08,0.124,26159.16
1995-02-09,0.06,26174.77
1995-02-10,0.957,26425.23
1995-02-13,0.666,26601.26
1995-02-14,0.11,26630.63
1995-02-15,-0.158,26588.54
1995-02-16,1.033,26863.15
1995-02-17,-0.083,26840.95
1995-02-21,0.594,27000.28
1995-02-22,-0.359,26903.27
1995-02-23,-0.099,26876.53
1995-02-24,0.146,26915.79
1995-02-27,0.283,26992.02
1995-02-28,-0.05,26978.46
1995-03-01,-0.378,26876.53
1995-03-02,0.54,27021.54
1995-03-03,0.711,27213.71
1995-03-06,0.359,27311.5
1995-03-07,1.296,27665.39
1995-03-08,-1.479,27256.3
1995-03-09,-0.044,27244.37
1995-03-10,-1.254,26902.82
1995-03-13,0.449,27023.56
1995-03-14,-0.876,26786.84
1995-03-15,0.091,26811.32
1995-03-16,-1.024,26536.83
1995-03-17,-0.076,26516.66
1995-03-20,-1.016,26247.24
1995-03-21,-0.457,26127.16
1995-03-22,-0.082,26105.74
1995-03-23,0.104,26132.93
1995-03-24,-0.201,26080.43
1995-03-27,0.076,26100.19
1995-03-28,0.418,26209.19
1995-03-29,-0.246,26144.81
1995-03-30,-1.612,25723.36
1995-03-31,1.125,26012.8
1995-04-03,1.095,26297.6
1995-04-04,-0.267,26227.47
1995-04-05,0.235,26289.19
1995-04-06,0.334,26376.93
1995-04-07,0.329,26463.71
1995-04-10,-1.472,26074.11
1995-04-11,-0.164,26031.41
1995-04-12,-0.107,26003.62
1995-04-13,1.04,26274.05
1995-04-17,1.375,26635.3
1995-04-18,1.09,26925.65
1995-04-19,-1.327,26568.37
1995-04-20,-0.274,26495.59
1995-04-21,0.95,26747.4
1995-04-24,-0.607,26584.91
1995-04-25,0.243,26649.44
1995-04-26,0.232,26711.21
1995-04-27,-0.067,26693.34
1995-04-28,-0.403,26585.77
1995-05-01,-0.387,26482.94
1995-05-02,0.303,26563.07
1995-05-03,0.582,26717.61
1995-05-04,0.493,26849.28
1995-05-05,0.631,27018.75
1995-05-08,0.599,27180.48
1995-05-09,-0.464,27054.41
1995-05-10,-0.085,27031.5
1995-05-11,-1.641,26587.91
1995-05-12,-1.032,26313.42
1995-05-15,0.318,26397.13
1995-05-16,0.39,26500.18
1995-05-17,-0.025,26493.49
1995-05-18,0.02,26498.75
1995-05-19,-0.097,26473.01
1995-05-22,-0.301,26393.37
1995-05-23,0.183,26441.71
1995-05-24,0.665,26617.66
1995-05-25,1.973,27142.89
1995-05-26,0.545,27290.91
1995-05-30,0.971,27556.01
1995-05-31,-0.941,27296.7
1995-06-01,0.599,27460.29
1995-06-02,1.081,27757.19
1995-06-05,0.354,27855.41
1995-06-06,-0.089,27830.67
1995-06-07,0.1,27858.37
1995-06-08,-0.492,27721.31
1995-06-09,-0.73,27519.03
1995-06-12,0.359,27617.77
1995-06-13,1.323,27983.14
1995-06-14,0.649,28164.73
1995-06-15,-0.386,28055.91
1995-06-16,0.533,28205.34
1995-06-19,0.587,28370.82
1995-06-20,0.621,28546.97
1995-06-21,0.663,28736.25
1995-06-22,1.08,29046.6
1995-06-23,-0.036,29036.17
1995-06-26,-0.981,28751.18
1995-06-27,0.207,28810.75
1995-06-28,0.397,28925.02
1995-06-29,0.633,29108.09
1995-06-30,0.216,29170.96
1995-07-03,0.122,29206.59
1995-07-05,0.477,29345.79
1995-07-06,0.165,29394.29
1995-07-07,-0.149,29350.62
1995-07-10,-0.264,29273.22
1995-07-11,-0.517,29121.8
1995-07-12,-0.099,29092.91
1995-07-13,-0.025,29085.52
1995-07-14,-0.614,28906.98
1995-07-17,0.049,28921.27
1995-07-18,-0.575,28755.1
1995-07-19,-0.601,28582.29
1995-07-20,0.088,28607.43
1995-07-21,-0.182,28555.48
1995-07-24,0.537,28708.78
1995-07-25,-0.339,28611.53
1995-07-26,-0.241,28542.56
1995-07-27,0.002,28543.01
1995-07-28,-0.642,28359.87
1995-07-31,-0.636,28179.4
1995-08-01,0.691,28374
1995-08-02,-0.57,28212.38
1995-08-03,0.042,28224.31
1995-08-04,-0.246,28154.92
1995-08-07,-0.679,27963.86
1995-08-08,0.348,28061.29
1995-08-09,-0.353,27962.23
1995-08-10,-0.275,27885.23
1995-08-11,-0.978,27612.45
1995-08-14,-0.442,27490.46
1995-08-15,-1.57,27058.93
1995-08-16,-0.088,27035.08
1995-08-17,0.279,27110.52
1995-08-18,-0.026,27103.41
1995-08-21,0.755,27307.93
1995-08-22,-0.038,27297.63
1995-08-23,0.022,27303.7
1995-08-24,0.645,27479.68
1995-08-25,0.625,27651.55
1995-08-28,0.553,27804.55
1995-08-29,-0.294,27722.88
1995-08-30,0.016,27727.28
1995-08-31,0.288,27807.11
1995-09-01,1.073,28105.36
1995-09-05,0.995,28385.01
1995-09-06,0.783,28607.18
1995-09-07,-0.094,28580.28
1995-09-08,0.348,28679.63
1995-09-11,0.317,28770.43
1995-09-12,0.846,29013.87
1995-09-13,0.858,29262.72
1995-09-14,0.586,29434.31
1995-09-15,0.321,29528.9
1995-09-18,0.558,29693.69
1995-09-19,0.824,29938.32
1995-09-20,-0.721,29722.59
1995-09-21,-2.056,29111.64
1995-09-22,-0.238,29042.38
1995-09-25,0.644,29229.51
1995-09-26,0.359,29334.33
1995-09-27,-0.59,29161.15
1995-09-28,0.491,29304.43
1995-09-29,0.945,29581.23
1995-10-02,0.479,29723.04
1995-10-03,0.501,29871.91
1995-10-04,-0.153,29826.26
1995-10-05,-1.222,29461.81
1995-10-06,0.315,29554.67
1995-10-09,0.089,29581.1
1995-10-10,0.074,29603.05
1995-10-11,0.194,29660.36
1995-10-12,0.02,29666.27
1995-10-13,0.764,29892.95
1995-10-16,0.46,30030.4
1995-10-17,-0.437,29899.17
1995-10-18,-0.189,29842.74
1995-10-19,0.705,30053.26
1995-10-20,-0.43,29924.1
1995-10-23,-0.716,29709.88
1995-10-24,0.223,29776.03
1995-10-25,0.615,29959.15
1995-10-26,0.231,30028.25
1995-10-27,-0.601,29847.91
1995-10-30,0.606,30028.77
1995-10-31,0.886,30294.79
1995-11-01,0.487,30442.2
1995-11-02,-0.131,30402.24
1995-11-03,-0.067,30381.92
1995-11-06,-0.04,30369.76
1995-11-07,-0.851,30111.34
1995-11-08,0.054,30127.52
1995-11-09,-0.943,29843.46
1995-11-10,-0.179,29789.95
1995-11-13,-0.005,29788.55
1995-11-14,-0.084,29763.4
1995-11-15,-0.037,29752.45
1995-11-16,0.45,29886.38
1995-11-17,0.418,30011.22
1995-11-20,-0.37,29900.24
1995-11-21,-0.17,29849.54
1995-11-22,0.22,29915.14
1995-11-24,0.559,30082.44
1995-11-27,0.311,30176.12
1995-11-28,-0.621,29988.6
1995-11-29,0.393,30106.43
1995-11-30,0.007,30108.6
1995-12-01,0.345,30212.35
1995-12-04,0.639,30405.37
1995-12-05,0.256,30483.33
1995-12-06,-0.036,30472.48
1995-12-07,-0.113,30437.9
1995-12-08,0.238,30510.3
1995-12-11,-0.014,30505.97
1995-12-12,0.288,30593.84
1995-12-13,0.372,30707.74
1995-12-14,0.43,30839.66
1995-12-15,0.333,30942.51
1995-12-18,-0.279,30856.13
1995-12-19,0.407,30981.63
1995-12-20,0.262,31062.84
1995-12-21,-0.448,30923.69
1995-12-22,0.485,31073.79
1995-12-26,0.186,31131.52
1995-12-27,1.064,31462.79
1995-12-28,0.04,31475.44
1995-12-29,0.546,31647.31
1996-01-02,0.866,31921.34
1996-01-03,0.455,32066.53
1996-01-04,-0.752,31825.24
1996-01-05,0.102,31857.79
1996-01-08,-0.685,31639.44
1996-01-09,0.249,31718.1
1996-01-10,-1.08,31375.5
1996-01-11,-1.526,30896.56
1996-01-12,-0.555,30724.97
1996-01-15,-0.38,30608.22
1996-01-16,-0.998,30302.66
1996-01-17,1.097,30634.99
1996-01-18,0.778,30873.48
1996-01-19,-0.273,30789.15
1996-01-22,-1.129,30441.67
1996-01-23,0.159,30490.06
1996-01-24,0.491,30639.67
1996-01-25,-1.345,30227.64
1996-01-26,0.827,30477.74
1996-01-29,0.626,30668.41
1996-01-30,1.1,31005.79
1996-01-31,0.448,31144.6
1996-02-01,-0.596,30958.99
1996-02-02,0.046,30973.11
1996-02-05,-2.958,30057.08
1996-02-06,1.325,30455.2
1996-02-07,0.781,30692.98
1996-02-08,0.419,30821.64
1996-02-09,0.543,30989.05
1996-02-12,0.239,31063.08
1996-02-13,2.251,31762.39
1996-02-14,-0.278,31674.18
1996-02-15,-0.308,31576.76
1996-02-16,-0.716,31350.78
1996-02-20,-1.396,30913.2
1996-02-21,0.742,31142.53
1996-02-22,0.429,31276.05
1996-02-23,-0.203,31212.67
1996-02-26,0.275,31298.56
1996-02-27,0.436,31434.98
1996-02-28,0.722,31661.83
1996-02-29,0.095,31691.92
1996-03-01,1.024,32016.55
1996-03-04,-0.251,31936.06
1996-03-05,-0.397,31809.38
1996-03-06,0.198,31872.24
1996-03-07,-0.312,31772.84
1996-03-08,-1.688,31236.59
1996-03-11,0.98,31542.64
1996-03-12,-0.45,31400.61
1996-03-13,0.451,31542.22
1996-03-14,0.556,31717.66
1996-03-15,-0.633,31516.88
1996-03-18,1.142,31876.92
1996-03-19,-0.017,31871.64
1996-03-20,0.647,32077.88
1996-03-21,0.594,32268.4
1996-03-22,0.511,32433.24
1996-03-25,0.785,32687.94
1996-03-26,-0.11,32651.87
1996-03-27,0.429,32792.02
1996-03-28,-1.115,32426.27
1996-03-29,0.756,32671.35
1996-04-01,1.495,33159.95
1996-04-02,0.538,33338.25
1996-04-03,-0.087,33309.3
1996-04-04,0.517,33481.44
1996-04-08,0.818,33755.46
1996-04-09,0.522,33931.69
1996-04-10,1.448,34423.07
1996-04-11,0.611,34633.5
1996-04-12,-0.04,34619.73
1996-04-15,0.646,34843.46
1996-04-16,-1.715,34245.9
1996-04-17,-0.257,34157.76
1996-04-18,-0.279,34062.29
1996-04-19,0.768,34323.98
1996-04-22,1.228,34745.64
1996-04-23,1.22,35169.44
1996-04-24,0.16,35225.56
1996-04-25,0.858,35527.66
1996-04-26,-0.907,35205.29
1996-04-29,-0.172,35144.89
1996-04-30,-1.358,34667.78
1996-05-01,0.701,34910.65
1996-05-02,-1.285,34462.2
1996-05-03,-0.343,34344
1996-05-06,-0.312,34236.95
1996-05-07,0.697,34475.55
1996-05-08,0.626,34691.41
1996-05-09,-0.105,34654.98
1996-05-10,0.626,34871.76
1996-05-13,0.611,35084.81
1996-05-14,-0.131,35038.9
1996-05-15,0.03,35049.33
1996-05-16,-0.112,35009.94
1996-05-17,-0.306,34902.64
1996-05-20,0.725,35155.83
1996-05-21,-0.454,34996.26
1996-05-22,-0.15,34943.73
1996-05-23,-0.138,34895.44
1996-05-24,0.157,34950.1
1996-05-28,-0.4,34810.33
1996-05-29,-1.109,34424.11
1996-05-30,-0.756,34163.95
1996-05-31,-0.296,34062.73
1996-06-03,0.281,34158.35
1996-06-04,0.054,34176.92
1996-06-05,-0.705,33935.9
1996-06-06,0.722,34180.93
1996-06-07,0.805,34456.2
1996-06-10,0.632,34673.85
1996-06-11,0.196,34741.81
1996-06-12,-0.122,34699.38
1996-06-13,-0.168,34640.95
1996-06-14,0.386,34774.62
1996-06-17,0.737,35030.95
1996-06-18,-0.066,35007.88
1996-06-19,-0.413,34863.32
1996-06-20,0.795,35140.54
1996-06-21,1.14,35540.99
1996-06-24,-0.032,35529.56
1996-06-25,0.267,35624.5
1996-06-26,0.224,35704.15
1996-06-27,-0.147,35651.84
1996-06-28,0.868,35961.41
1996-07-01,0.795,36247.44
1996-07-02,-0.752,35974.94
1996-07-03,0.365,36106.18
1996-07-05,0.066,36129.98
1996-07-08,0.048,36147.19
1996-07-09,0.234,36231.73
1996-07-10,0.465,36400.33
1996-07-11,0.931,36739.32
1996-07-12,0.351,36868.39
1996-07-15,-0.079,36839.34
1996-07-16,-2.091,36069.12
1996-07-17,-1.236,35623.48
1996-07-18,-0.931,35291.83
1996-07-19,-1.172,34878.19
1996-07-22,-1.01,34525.87
1996-07-23,0.445,34679.61
1996-07-24,-0.459,34520.28
1996-07-25,-0.486,34352.63
1996-07-26,-0.653,34128.39
1996-07-29,-0.245,34044.78
1996-07-30,-0.325,33934.26
1996-07-31,-0.34,33818.74
1996-08-01,1.682,34387.62
1996-08-02,0.266,34479.1
1996-08-05,-0.369,34351.88
1996-08-06,-0.518,34173.98
1996-08-07,0.422,34318.03
1996-08-08,0.327,34430.39
1996-08-09,0.06,34451.09
1996-08-12,0.604,34659.17
1996-08-13,0.582,34860.85
1996-08-14,-0.01,34857.42
1996-08-15,-0.363,34731.01
1996-08-16,1.146,35128.92
1996-08-19,0.246,35215.47
1996-08-20,-0.479,35046.87
1996-08-21,-0.638,34823.17
1996-08-22,0.549,35014.5
1996-08-23,-0.636,34791.79
1996-08-26,-0.455,34633.62
1996-08-27,-0.262,34542.98
1996-08-28,0.377,34673.29
1996-08-29,0.591,34878.24
1996-08-30,-0.147,34826.8
1996-09-03,0.959,35160.66
1996-09-04,-0.334,35043.32
1996-09-05,1.104,35430.14
1996-09-06,0.882,35742.79
1996-09-09,0.109,35781.79
1996-09-10,0.817,36074.16
1996-09-11,0.789,36358.92
1996-09-12,0.481,36533.7
1996-09-13,-0.206,36458.57
1996-09-16,-0.925,36121.19
1996-09-17,0.202,36194.2
1996-09-18,-0.083,36163.98
1996-09-19,-0.108,36124.78
1996-09-20,0.316,36238.84
1996-09-23,-0.256,36146.14
1996-09-24,0.191,36215.14
1996-09-25,1.368,36710.44
1996-09-26,-0.05,36692.04
1996-09-27,-0.009,36688.74
1996-09-30,-0.04,36674.17
1996-10-01,0.058,36695.57
1996-10-02,0.458,36863.52
1996-10-03,0.075,36891.33
1996-10-04,0.221,36973.01
1996-10-07,0.234,37059.55
1996-10-08,-0.161,36999.99
1996-10-09,-0.161,36940.54
1996-10-10,-1.559,36364.62
1996-10-11,0.361,36495.79
1996-10-14,0.224,36577.47
1996-10-15,0.67,36822.4
1996-10-16,-0.86,36505.62
1996-10-17,0.073,36532.33
1996-10-18,0.358,36663.11
1996-10-21,-0.006,36660.84
1996-10-22,0.44,36822.33
1996-10-23,-1.255,36360.03
1996-10-24,-0.723,36097.27
1996-10-25,0.602,36314.63
1996-10-28,-0.136,36265.34
1996-10-29,-0.188,36197.03
1996-10-30,0.329,36315.99
1996-10-31,-0.459,36149.12
1996-11-01,-0.681,35902.79
1996-11-04,-0.628,35677.16
1996-11-05,1.503,36213.36
1996-11-06,-0.367,36080.54
1996-11-07,-1.467,35551.32
1996-11-08,0.173,35612.88
1996-11-11,-0.615,35393.69
1996-11-12,-0.147,35341.61
1996-11-13,0.255,35431.76
1996-11-14,1.444,35943.33
1996-11-15,-0.465,35776.06
1996-11-18,-0.493,35599.71
1996-11-19,-0.19,35532.09
1996-11-20,-0.266,35437.42
1996-11-21,0.646,35666.2
1996-11-22,0.319,35780.15
1996-11-25,0.179,35844.37
1996-11-26,0.291,35948.65
1996-11-27,0.275,36047.47
1996-11-29,1.431,36563.14
1996-12-02,1.265,37025.72
1996-12-03,-0.176,36960.57
1996-12-04,-0.25,36868.26
1996-12-05,-0.573,36657.1
1996-12-06,-0.236,36570.77
1996-12-09,1.494,37117.23
1996-12-10,-0.22,37035.59
1996-12-11,-1.954,36311.83
1996-12-12,0.189,36380.36
1996-12-13,1.791,37031.97
1996-12-16,1.045,37418.78
1996-12-17,-0.114,37376.02
1996-12-18,0.387,37520.59
1996-12-19,1.647,38138.59
1996-12-20,0.548,38347.7
1996-12-23,0.107,38388.78
1996-12-24,0.882,38727.37
1996-12-26,-0.537,38519.55
1996-12-27,0.198,38595.75
1996-12-30,-0.135,38543.6
1996-12-31,0.558,38758.77
1997-01-02,-1.093,38335.02
1997-01-03,1.235,38808.63
1997-01-06,1.193,39271.65
1997-01-07,-0.889,38922.43
1997-01-08,0.869,39260.54
1997-01-09,0.225,39348.89
1997-01-10,-1.494,38761
1997-01-13,-0.369,38618.16
1997-01-14,0.787,38921.91
1997-01-15,0.663,39180.02
1997-01-16,-0.706,38903.58
1997-01-17,0.302,39021.21
1997-01-20,-0.31,38900.11
1997-01-21,-0.067,38874.24
1997-01-22,0.549,39087.85
1997-01-23,-0.764,38789.05
1997-01-24,-0.931,38427.83
1997-01-27,0.351,38562.65
1997-01-28,0.112,38605.86
1997-01-29,-0.468,38425.09
1997-01-30,0.634,38668.6
1997-01-31,-0.017,38661.9
1997-02-03,0.029,38673.11
1997-02-04,0.962,39045.02
1997-02-05,0.266,39148.79
1997-02-06,-0.881,38803.74
1997-02-07,-0.541,38593.87
1997-02-10,-0.071,38566.34
1997-02-11,0.422,38729
1997-02-12,-0.348,38594.08
1997-02-13,0.043,38610.65
1997-02-14,0.33,38738.06
1997-02-18,-0.696,38468.41
1997-02-19,0.394,38619.99
1997-02-20,-1.745,37946.19
1997-02-21,-0.332,37820.21
1997-02-24,-0.759,37533.12
1997-02-25,0.095,37568.65
1997-02-26,0.158,37627.93
1997-02-27,-0.714,37359.1
1997-02-28,-0.765,37073.23
1997-03-03,0.218,37154.19
1997-03-04,0.846,37468.51
1997-03-05,-0.198,37394.29
1997-03-06,0.254,37489.14
1997-03-07,0.64,37729.05
1997-03-10,-0.547,37522.68
1997-03-11,0.26,37620.16
1997-03-12,-0.072,37593.15
1997-03-13,0.313,37710.77
1997-03-14,0.493,37896.68
1997-03-17,-0.407,37742.4
1997-03-18,-0.031,37730.75
1997-03-19,0.099,37767.97
1997-03-20,0.275,37871.9
1997-03-21,0.585,38093.37
1997-03-24,0.45,38264.73
1997-03-25,0.352,38399.27
1997-03-26,-0.262,38298.7
1997-03-27,-0.658,38046.57
1997-03-31,0.463,38222.87
1997-04-01,-0.153,38164.26
1997-04-02,0.508,38358.1
1997-04-03,-0.4,38204.72
1997-04-04,0.28,38311.79
1997-04-07,1.043,38711.32
1997-04-08,0.547,38923.25
1997-04-09,0.717,39202.29
1997-04-10,-0.303,39083.44
1997-04-11,-0.328,38955.3
1997-04-14,-0.079,38924.5
1997-04-15,0.916,39280.95
1997-04-16,0.051,39301.04
1997-04-17,-0.016,39294.66
1997-04-18,-0.257,39193.55
1997-04-21,-0.393,39039.49
1997-04-22,0.901,39391.18
1997-04-23,0.73,39678.75
1997-04-24,-0.017,39672.06
1997-04-25,0.185,39745.5
1997-04-28,0.776,40054.07
1997-04-29,-0.319,39926.27
1997-04-30,0.521,40134.36
1997-05-01,-0.252,40033.12
1997-05-02,1.139,40489.13
1997-05-05,0.633,40745.51
1997-05-06,0.191,40823.36
1997-05-07,-0.279,40709.27
1997-05-08,-0.437,40531.33
1997-05-09,-0.437,40354.1
1997-05-12,0.115,40400.41
1997-05-13,0.332,40534.69
1997-05-14,0.033,40547.95
1997-05-15,0.144,40606.32
1997-05-16,-0.768,40294.37
1997-05-19,0.667,40562.99
1997-05-20,-0.362,40416.25
1997-05-21,0.025,40426.37
1997-05-22,0.413,40593.17
1997-05-23,0.552,40817.05
1997-05-27,0.553,41042.86
1997-05-28,0.082,41076.53
1997-05-29,0.828,41416.81
1997-05-30,0.735,41721.33
1997-06-02,0.845,42074.04
1997-06-03,-0.352,41925.87
1997-06-04,-0.096,41885.7
1997-06-05,-0.664,41607.37
1997-06-06,-0.036,41592.29
1997-06-09,-1.338,41035.85
1997-06-10,0.156,41099.98
1997-06-11,-0.161,41033.84
1997-06-12,1.487,41643.81
1997-06-13,0.092,41682.1
1997-06-16,-0.085,41646.68
1997-06-17,-0.387,41485.43
1997-06-18,-0.267,41374.61
1997-06-19,-0.507,41164.73
1997-06-20,-0.205,41080.29
1997-06-23,-0.189,41002.74
1997-06-24,-0.394,40841.3
1997-06-25,-0.955,40451.08
1997-06-26,-0.16,40386.16
1997-06-27,0.62,40636.66
1997-06-30,-1.216,40142.53
1997-07-01,0.213,40228.23
1997-07-02,0.537,40444.2
1997-07-03,1.388,41005.68
1997-07-07,0.648,41271.48
1997-07-08,-0.634,41009.63
1997-07-09,-0.127,40957.37
1997-07-10,0.09,40994.3
1997-07-11,0.458,41182.19
1997-07-14,0.157,41246.69
1997-07-15,-0.977,40843.82
1997-07-16,0.824,41180.33
1997-07-17,0.006,41182.79
1997-07-18,0.021,41191.46
1997-07-21,0.568,41425.49
1997-07-22,0.45,41611.72
1997-07-23,0.118,41660.65
1997-07-24,0.381,41819.47
1997-07-25,0.144,41879.82
1997-07-28,-0.675,41597.23
1997-07-29,-0.168,41527.46
1997-07-30,-0.692,41240.24
1997-07-31,0.123,41290.99
1997-08-01,-0.852,40939
1997-08-04,-0.853,40589.95
1997-08-05,0.6,40833.51
1997-08-06,0.181,40907.25
1997-08-07,0.526,41122.31
1997-08-08,-1.915,40334.69
1997-08-11,0.673,40606.05
1997-08-12,-0.118,40558.16
1997-08-13,-0.566,40328.71
1997-08-14,1.335,40867.12
1997-08-15,-0.091,40829.76
1997-08-18,0.389,40988.59
1997-08-19,0.245,41089.13
1997-08-20,0.186,41165.58
1997-08-21,-0.898,40795.9
1997-08-22,-0.224,40704.53
1997-08-25,0.394,40864.8
1997-08-26,-0.006,40862.22
1997-08-27,-0.331,40727.13
1997-08-28,0.858,41076.72
1997-08-29,0.602,41324
1997-09-02,1.399,41902.29
1997-09-03,-0.469,41705.86
1997-09-04,-0.596,41457.24
1997-09-05,-0.947,41064.65
1997-09-08,0.52,41278.34
1997-09-09,-0.577,41040.35
1997-09-10,-0.361,40892.23
1997-09-11,-0.005,40890.24
1997-09-12,0.042,40907.6
1997-09-15,-0.52,40694.98
1997-09-16,0.967,41088.7
1997-09-17,-0.183,41013.5
1997-09-18,0.111,41059.02
1997-09-19,-0.393,40897.72
1997-09-22,0.322,41029.44
1997-09-23,-0.397,40866.47
1997-09-24,-0.873,40509.66
1997-09-25,-0.659,40242.5
1997-09-26,0.638,40499.25
1997-09-29,-1.265,39986.85
1997-09-30,-0.321,39858.47
1997-10-01,1.176,40327.03
1997-10-02,0.253,40429.04
1997-10-03,-0.235,40333.96
1997-10-06,0.007,40336.71
1997-10-07,-0.362,40190.68
1997-10-08,-0.928,39817.88
1997-10-09,-0.663,39554.04
1997-10-10,0.2,39633.08
1997-10-13,0.304,39753.57
1997-10-14,0.439,39927.91
1997-10-15,-0.348,39788.96
1997-10-16,-0.049,39769.56
1997-10-17,0.443,39945.7
1997-10-20,0.162,40010.61
1997-10-21,0.364,40156.24
1997-10-22,0.533,40370.23
1997-10-23,0.088,40405.77
1997-10-24,1.407,40974.13
1997-10-27,0.318,41104.37
1997-10-28,-2.083,40248.29
1997-10-29,0.317,40375.81
1997-10-30,-0.034,40362
1997-10-31,0.331,40495.64
1997-11-03,-0.309,40370.55
1997-11-04,-0.334,40235.57
1997-11-05,0.137,40290.77
1997-11-06,0.15,40351.15
1997-11-07,0.052,40372.22
1997-11-10,-0.276,40260.62
1997-11-11,0.009,40264.42
1997-11-12,0.042,40281.49
1997-11-13,0.022,40290.32
1997-11-14,-0.606,40046.36
1997-11-17,-0.098,40006.93
1997-11-18,-0.209,39923.28
1997-11-19,0.683,40195.77
1997-11-20,-0.402,40034.29
1997-11-21,-0.131,39982.04
1997-11-24,-0.069,39954.31
1997-11-25,0.366,40100.62
1997-11-26,0.17,40168.87
1997-11-28,-0.088,40133.4
1997-12-01,1.244,40632.85
1997-12-02,0.047,40652.02
1997-12-03,0.05,40672.42
1997-12-04,0.089,40708.57
1997-12-05,-0.224,40617.19
1997-12-08,0.199,40697.88
1997-12-09,0.369,40848.2
1997-12-10,0.246,40948.69
1997-12-11,0.553,41175.18
1997-12-12,0.723,41472.8
1997-12-15,0.107,41517.3
1997-12-16,0.441,41700.44
1997-12-17,-0.919,41317.17
1997-12-18,1.095,41769.67
1997-12-19,0.717,42069.32
1997-12-22,0.256,42176.83
1997-12-23,0.009,42180.69
1997-12-24,0.34,42323.91
1997-12-26,0.417,42500.38
1997-12-29,0.71,42801.93
1997-12-30,-0.432,42616.88
1997-12-31,0.577,42862.81
1998-01-02,0.843,43224.35
1998-01-05,2.149,44153.08
1998-01-06,0.58,44409.38
1998-01-07,-0.841,44036.08
1998-01-08,1.156,44545.15
1998-01-09,0.363,44706.87
1998-01-12,0.638,44992.1
1998-01-13,-0.993,44545.49
1998-01-14,-0.399,44367.66
1998-01-15,-0.601,44101.08
1998-01-16,-1.099,43616.4
1998-01-20,0.249,43724.98
1998-01-21,-0.283,43601.19
1998-01-22,0.247,43709.08
1998-01-23,-1.332,43126.96
1998-01-26,-0.238,43024.51
1998-01-27,-0.797,42681.54
1998-01-28,-0.367,42524.93
1998-01-29,0.611,42784.76
1998-01-30,0.38,42947.5
1998-02-02,-0.341,42801.02
1998-02-03,1.28,43348.95
1998-02-04,-0.27,43232.1
1998-02-05,-0.367,43073.65
1998-02-06,1.072,43535.43
1998-02-09,0.472,43740.92
1998-02-10,-0.058,43715.4
1998-02-11,1.36,44310.1
1998-02-12,0.533,44546.43
1998-02-13,0.77,44889.55
1998-02-17,1.68,45643.91
1998-02-18,-0.547,45394.02
1998-02-19,-0.114,45342.44
1998-02-20,0.991,45791.87
1998-02-23,1.139,46313.3
1998-02-24,0.255,46431.51
1998-02-25,0.342,46590.23
1998-02-26,-0.23,46483
1998-02-27,-0.709,46153.29
1998-03-02,-0.283,46022.77
1998-03-03,0.185,46108.05
1998-03-04,0.357,46272.68
1998-03-05,0.714,46603.22
1998-03-06,0.482,46827.63
1998-03-09,0.982,47287.32
1998-03-10,-0.002,47286.47
1998-03-11,0.531,47537.43
1998-03-12,0.295,47677.69
1998-03-13,-0.241,47562.73
1998-03-16,1.773,48406.09
1998-03-17,-0.152,48332.69
1998-03-18,-0.653,48016.93
1998-03-19,0.06,48045.56
1998-03-20,0.342,48209.89
1998-03-23,-2.514,46997.89
1998-03-24,0.676,47315.62
1998-03-25,-0.627,47018.85
1998-03-26,-0.493,46786.91
1998-03-27,0.212,46886.16
1998-03-30,0.964,47338.19
1998-03-31,0.994,47808.91
1998-04-01,1.222,48392.96
1998-04-02,-0.145,48322.73
1998-04-03,0.533,48580.18
1998-04-06,0.864,49000.08
1998-04-07,0.182,49089.25
1998-04-08,-0.885,48655.03
1998-04-09,0.056,48682.27
1998-04-13,0.308,48832.35
1998-04-14,0.278,48968.03
1998-04-15,-0.648,48650.55
1998-04-16,0.166,48731.33
1998-04-17,0.401,48926.56
1998-04-20,0.099,48974.98
1998-04-21,-0.981,48494.63
1998-04-22,0.181,48582.27
1998-04-23,0.232,48695.11
1998-04-24,0.369,48874.91
1998-04-27,-0.68,48542.59
1998-04-28,0.163,48621.64
1998-04-29,0.935,49076.44
1998-04-30,0.516,49329.68
1998-05-01,-0.939,48866.49
1998-05-04,-0.182,48777.52
1998-05-05,-0.559,48504.61
1998-05-06,-0.124,48444.29
1998-05-07,0.027,48457.33
1998-05-08,0.179,48544.05
1998-05-11,0.065,48575.57
1998-05-12,0.104,48626.19
1998-05-13,0.413,48827.12
1998-05-14,-0.407,48628.42
1998-05-15,0.795,49015.07
1998-05-18,1.184,49595.44
1998-05-19,-0.022,49584.69
1998-05-20,0.172,49669.92
1998-05-21,-0.703,49320.94
1998-05-22,-0.028,49307.07
1998-05-26,1.88,50234.15
1998-05-27,0.388,50429.2
1998-05-28,0.035,50446.6
1998-05-29,-0.394,50247.8
1998-06-01,0.706,50602.58
1998-06-02,-0.344,50428.74
1998-06-03,0.318,50589.09
1998-06-04,-0.236,50469.75
1998-06-05,0.99,50969.23
1998-06-08,0.986,51471.75
1998-06-09,0.788,51877.55
1998-06-10,1.124,52460.55
1998-06-11,1.13,53053.53
1998-06-12,0.041,53075.44
1998-06-15,1.313,53772.4
1998-06-16,-1.326,53059.39
1998-06-17,-3.602,51148.16
1998-06-18,1.094,51707.78
1998-06-19,-1.85,50751.38
1998-06-22,0.45,50979.84
1998-06-23,-0.857,50543.17
1998-06-24,0.545,50818.82
1998-06-25,0.893,51272.4
1998-06-26,0.046,51295.96
1998-06-29,0.616,51612.16
1998-06-30,-1.028,51081.47
1998-07-01,0.218,51192.62
1998-07-02,0.924,51665.41
1998-07-06,0.521,51934.72
1998-07-07,-0.554,51646.78
1998-07-08,-0.269,51507.86
1998-07-09,1.026,52036.35
1998-07-10,0.154,52116.35
1998-07-13,-0.788,51705.53
1998-07-14,-0.987,51195.36
1998-07-15,-0.221,51082.3
1998-07-16,-0.181,50990.02
1998-07-17,-0.349,50812.21
1998-07-20,1.013,51326.73
1998-07-21,1.059,51870.2
1998-07-22,0.208,51978.16
1998-07-23,0.48,52227.9
1998-07-24,-0.481,51976.93
1998-07-27,0.468,52220.07
1998-07-28,-0.478,51970.71
1998-07-29,0.596,52280.51
1998-07-30,-0.1,52228.07
1998-07-31,0.686,52586.34
1998-08-03,1.909,53590.18
1998-08-04,-0.087,53543.81
1998-08-05,0.108,53601.53
1998-08-06,0.492,53865.15
1998-08-07,0.377,54068
1998-08-10,1.187,54709.82
1998-08-11,1.766,55675.89
1998-08-12,0.318,55852.8
1998-08-13,-0.81,55400.59
1998-08-14,0.695,55785.46
1998-08-17,-0.357,55586.16
1998-08-18,0.823,56043.44
1998-08-19,0.582,56369.69
1998-08-20,0.06,56403.6
1998-08-21,2.437,57778.17
1998-08-24,0.217,57903.55
1998-08-25,1.061,58517.71
1998-08-26,1.539,59418.37
1998-08-27,1.36,60226.64
1998-08-28,-0.32,60033.87
1998-08-31,0.779,60501.66
1998-09-01,-3.014,58677.85
1998-09-02,-0.142,58594.63
1998-09-03,-2.307,57242.78
1998-09-04,-0.769,56802.49
1998-09-08,-1.117,56167.94
1998-09-09,1.722,57134.9
1998-09-10,-1.395,56338.1
1998-09-11,-0.722,55931.23
1998-09-14,-0.164,55839.78
1998-09-15,-1.072,55241.43
1998-09-16,0.454,55492.28
1998-09-17,0.521,55781.65
1998-09-18,-0.714,55383.2
1998-09-21,0.309,55554.51
1998-09-22,-0.902,55053.67
1998-09-23,-0.163,54963.96
1998-09-24,-0.893,54473.29
1998-09-25,0.309,54641.58
1998-09-28,0.097,54694.82
1998-09-29,-1.048,54121.82
1998-09-30,1.211,54777.28
1998-10-01,2.508,56151
1998-10-02,0.096,56205
1998-10-05,0.787,56647.53
1998-10-06,-0.813,56186.74
1998-10-07,-2.775,54627.7
1998-10-08,-0.281,54474.3
1998-10-09,-2.839,52927.54
1998-10-12,0.316,53094.89
1998-10-13,0.706,53469.79
1998-10-14,0.498,53736.3
1998-10-15,0.102,53790.97
1998-10-16,0.16,53876.91
1998-10-19,1.254,54552.32
1998-10-20,-0.128,54482.75
1998-10-21,-0.532,54193.17
1998-10-22,0.036,54212.55
1998-10-23,-0.314,54042.26
1998-10-26,-1.169,53410.31
1998-10-27,2.092,54527.49
1998-10-28,-0.254,54388.72
1998-10-29,0.663,54749.57
1998-10-30,-0.473,54490.64
1998-11-02,-0.213,54374.77
1998-11-03,-0.02,54363.92
1998-11-04,-0.749,53956.95
1998-11-05,-0.379,53752.43
1998-11-06,-0.815,53314.41
1998-11-09,0.998,53846.24
1998-11-10,0.241,53976.12
1998-11-11,-0.221,53856.71
1998-11-12,-0.325,53681.85
1998-11-13,0.85,54138.05
1998-11-16,2.243,55352.37
1998-11-17,0.41,55579.58
1998-11-18,0.276,55732.99
1998-11-19,0.209,55849.26
1998-11-20,-0.406,55622.44
1998-11-23,1.297,56343.82
1998-11-24,0.631,56699.19
1998-11-25,-0.014,56691.27
1998-11-27,-0.265,56541.13
1998-11-30,2.068,57710.47
1998-12-01,1.014,58295.76
1998-12-02,1.41,59117.69
1998-12-03,0.64,59496.26
1998-12-04,-0.2,59377.16
1998-12-07,-0.884,58852.21
1998-12-08,1.756,59885.83
1998-12-09,0.901,60425.47
1998-12-10,1.278,61197.63
1998-12-11,0.639,61588.73
1998-12-14,-0.731,61138.22
1998-12-15,-0.789,60656.04
1998-12-16,-1.755,59591.55
1998-12-17,2.66,61176.94
1998-12-18,0.612,61551.4
1998-12-21,0.186,61666.02
1998-12-22,-0.779,61185.59
1998-12-23,-0.11,61118.4
1998-12-24,-0.912,60560.91
1998-12-28,0.627,60940.55
1998-12-29,-0.299,60758.52
1998-12-30,0.031,60777.65
1998-12-31,-0.217,60645.84
1999-01-04,-0.656,60247.81
1999-01-05,-0.077,60201.54
1999-01-06,-2.421,58744.07
1999-01-07,0.847,59241.71
1999-01-08,-0.702,58826.11
1999-01-11,-0.792,58360.29
1999-01-12,1.291,59113.63
1999-01-13,2.812,60775.81
1999-01-14,1.283,61555.31
1999-01-15,-0.719,61112.85
1999-01-19,1.461,62005.98
1999-01-20,0.205,62133.34
1999-01-21,-0.153,62038.02
1999-01-22,0.503,62349.88
1999-01-25,1.106,63039.5
1999-01-26,0.737,63503.99
1999-01-27,-0.933,62911.33
1999-01-28,-0.489,62603.9
1999-01-29,-0.192,62483.69
1999-02-01,0.702,62922.16
1999-02-02,0.71,63368.61
1999-02-03,0.345,63587.12
1999-02-04,0.04,63612.69
1999-02-05,0.548,63961.18
1999-02-08,-0.132,63876.7
1999-02-09,0.787,64379.32
1999-02-10,0.62,64778.46
1999-02-11,0.555,65138.11
1999-02-12,0.008,65143.32
1999-02-16,0.766,65642.1
1999-02-17,0.414,65913.63
1999-02-18,-0.65,65485.09
1999-02-19,0.498,65811.32
1999-02-22,1.069,66514.74
1999-02-23,0.026,66532.21
1999-02-24,0.355,66768.44
1999-02-25,-0.27,66587.94
1999-02-26,1.481,67573.86
1999-03-01,-0.04,67547.13
1999-03-02,-1.464,66558.04
1999-03-03,-1.691,65432.86
1999-03-04,-1.226,64630.43
1999-03-05,-0.536,64283.77
1999-03-08,-1.606,63251.62
1999-03-09,-1.114,62546.82
1999-03-10,-2.479,60996.08
1999-03-11,0.759,61459.27
1999-03-12,-0.016,61449.72
1999-03-15,0.265,61612.52
1999-03-16,-0.94,61033.62
1999-03-17,-1.917,59863.33
1999-03-18,0.185,59974.3
1999-03-19,-0.911,59427.86
1999-03-22,-2.613,57875.25
1999-03-23,-0.222,57746.79
1999-03-24,0.25,57891.39
1999-03-25,-1.707,56902.99
1999-03-26,-2.305,55591.29
1999-03-29,-0.578,55269.77
1999-03-30,-1.634,54366.89
1999-03-31,0.359,54561.94
1999-04-01,0.419,54790.74
1999-04-05,-0.341,54604.13
1999-04-06,0.503,54878.56
1999-04-07,0.865,55353.23
1999-04-08,0.525,55643.65
1999-04-09,-0.615,55301.47
1999-04-12,0.763,55723.63
1999-04-13,-0.248,55585.24
1999-04-14,0.583,55909.37
1999-04-15,-0.361,55707.68
1999-04-16,-0.104,55649.79
1999-04-19,0.153,55734.79
1999-04-20,-0.111,55672.66
1999-04-21,-0.03,55656.19
1999-04-22,0.286,55815.47
1999-04-23,0.236,55947.45
1999-04-26,0.188,56052.59
1999-04-27,0.121,56120.17
1999-04-28,0.107,56180.1
1999-04-29,0.042,56203.65
1999-04-30,0.276,56358.83
1999-05-03,-0.492,56081.46
1999-05-04,-1.185,55416.99
1999-05-05,-0.613,55077.44
1999-05-06,0.095,55129.84
1999-05-07,0.805,55573.68
1999-05-10,-0.748,55157.85
1999-05-11,0.411,55384.33
1999-05-12,0.181,55484.75
1999-05-13,-0.359,55285.32
1999-05-14,-0.136,55209.86
1999-05-17,0.081,55254.65
1999-05-18,0.085,55301.71
1999-05-19,-0.144,55221.81
1999-05-20,0.346,55413.15
1999-05-21,0.332,55596.97
1999-05-24,0.638,55951.74
1999-05-25,-0.541,55648.79
1999-05-26,0.309,55820.88
1999-05-27,0.03,55837.77
1999-05-28,-0.729,55430.67
1999-06-01,-0.852,54958.24
1999-06-02,-0.304,54791.2
1999-06-03,0.043,54814.49
1999-06-04,-0.058,54782.91
1999-06-07,-0.147,54702.26
1999-06-08,-0.116,54638.88
1999-06-09,-0.034,54620.49
1999-06-10,0.344,54808.38
1999-06-11,-1.062,54226.12
1999-06-14,0.327,54403.34
1999-06-15,0.461,54654.21
1999-06-16,0.347,54843.65
1999-06-17,-1.211,54179.74
1999-06-18,-1.244,53505.88
1999-06-21,0.371,53704.41
1999-06-22,0.578,54015.05
1999-06-23,0.276,54163.96
1999-06-24,0.178,54260.49
1999-06-25,-0.649,53908.19
1999-06-28,-0.071,53869.75
1999-06-29,0.107,53927.19
1999-06-30,-0.796,53498.16
1999-07-01,1.637,54374.17
1999-07-02,1.106,54975.41
1999-07-06,2.034,56093.7
1999-07-07,0.962,56633.25
1999-07-08,0.16,56724.13
1999-07-09,0.914,57242.78
1999-07-12,-0.396,57016.19
1999-07-13,0.227,57145.64
1999-07-14,-0.262,56996.15
1999-07-15,0.652,57367.99
1999-07-16,0.691,57764.59
1999-07-19,-1.461,56920.51
1999-07-20,-1.177,56250.34
1999-07-21,-1.221,55563.8
1999-07-22,0.15,55647.41
1999-07-23,0.412,55876.84
1999-07-26,0.471,56139.92
1999-07-27,0.581,56466.22
1999-07-28,0.166,56560.08
1999-07-29,0.618,56909.34
1999-07-30,0.186,57015.2
1999-08-02,-0.899,56502.45
1999-08-03,0.106,56562.6
1999-08-04,-0.619,56212.76
1999-08-05,0.394,56433.99
1999-08-06,1.193,57107.22
1999-08-09,0.127,57179.98
1999-08-10,-0.691,56785.01
1999-08-11,0.549,57097
1999-08-12,0.609,57444.46
1999-08-13,-0.161,57352.19
1999-08-16,-0.558,57031.91
1999-08-17,-0.124,56961.28
1999-08-18,-0.406,56729.77
1999-08-19,-0.604,56387.02
1999-08-20,0.02,56398.45
1999-08-23,0.814,56857.65
1999-08-24,-0.079,56812.68
1999-08-25,-1.74,55824.16
1999-08-26,0.394,56044.26
1999-08-27,0.443,56292.6
1999-08-30,0.611,56636.38
1999-08-31,-0.592,56300.98
1999-09-01,0.162,56392.26
1999-09-02,-0.722,55985.19
1999-09-03,-0.45,55733.46
1999-09-07,0.681,56112.9
1999-09-08,0.377,56324.49
1999-09-09,2.012,57457.72
1999-09-10,0.389,57681.47
1999-09-13,0.918,58210.88
1999-09-14,-0.283,58046.24
1999-09-15,0.888,58561.52
1999-09-16,-0.878,58047.31
1999-09-17,0.129,58122.46
1999-09-20,-0.4,57890.17
1999-09-21,-0.088,57839.32
1999-09-22,0.492,58123.86
1999-09-23,0.465,58394.01
1999-09-24,-0.73,57967.66
1999-09-27,-0.521,57665.43
1999-09-28,-0.751,57232.55
1999-09-29,0.38,57449.99
1999-09-30,-0.113,57385.3
1999-10-01,1.002,57960.12
1999-10-04,-1.579,57044.85
1999-10-05,-0.668,56663.79
1999-10-06,-0.509,56375.58
1999-10-07,-0.404,56148.04
1999-10-08,-1.06,55552.83
1999-10-11,0.372,55759.21
1999-10-12,1.262,56463.07
1999-10-13,0.217,56585.58
1999-10-14,-0.581,56256.94
1999-10-15,-0.022,56244.46
1999-10-18,-0.498,55964.3
1999-10-19,0.244,56100.67
1999-10-20,0.357,56301.09
1999-10-21,0.095,56354.72
1999-10-22,0.761,56783.44
1999-10-25,-0.075,56740.92
1999-10-26,-0.359,56536.98
1999-10-27,-0.653,56167.8
1999-10-28,-2.215,54923.64
1999-10-29,-1.014,54366.73
1999-11-01,0.594,54689.44
1999-11-02,-0.921,54185.92
1999-11-03,0.114,54247.83
1999-11-04,-0.573,53937.26
1999-11-05,-0.714,53551.92
1999-11-08,-0.598,53231.8
1999-11-09,0.899,53710.57
1999-11-10,1.216,54363.74
1999-11-11,-0.909,53869.32
1999-11-12,0.089,53917.33
1999-11-15,-0.437,53681.64
1999-11-16,-0.394,53470.02
1999-11-17,0.729,53859.57
1999-11-18,-0.2,53751.9
1999-11-19,0.047,53777.22
1999-11-22,0.553,54074.75
1999-11-23,-0.348,53886.6
1999-11-24,0.737,54283.78
1999-11-26,0.836,54737.51
1999-11-29,-0.907,54240.79
1999-11-30,-1.607,53368.99
1999-12-01,-0.038,53348.9
1999-12-02,1.018,53891.78
1999-12-03,-0.06,53859.38
1999-12-06,-0.728,53467.02
1999-12-07,-0.685,53100.81
1999-12-08,0.678,53460.76
1999-12-09,-0.222,53341.82
1999-12-10,-1.277,52660.88
1999-12-13,0.711,53035.5
1999-12-14,0.688,53400.16
1999-12-15,0.791,53822.58
1999-12-16,0.663,54179.42
1999-12-17,0.137,54253.77
1999-12-20,-0.107,54195.87
1999-12-21,0.186,54296.94
1999-12-22,0.06,54329.67
1999-12-23,-0.014,54322.07
1999-12-27,0.63,54664.25
1999-12-28,0.695,55044.07
1999-12-29,-0.776,54617.13
1999-12-30,-0.634,54270.81
1999-12-31,0.174,54365.15
2000-01-03,0.097,54418.05
2000-01-04,0.283,54571.8
2000-01-05,-0.195,54465.21
2000-01-06,-0.467,54211.07
2000-01-07,-1.166,53579.03
2000-01-10,-0.028,53564.25
2000-01-11,0.914,54054
2000-01-12,0.483,54315.01
2000-01-13,-0.812,53873.82
2000-01-14,1.645,54760.06
2000-01-18,1.171,55401.53
2000-01-19,-0.527,55109.36
2000-01-20,-0.339,54922.34
2000-01-21,0.488,55190.09
2000-01-24,-1.28,54483.69
2000-01-25,-0.231,54358.07
2000-01-26,-0.17,54265.44
2000-01-27,0.143,54343.25
2000-01-28,-0.938,53833.69
2000-01-31,0.225,53954.81
2000-02-01,-0.292,53797.53
2000-02-02,-0.881,53323.35
2000-02-03,-0.366,53128.38
2000-02-04,1.165,53747.16
2000-02-07,0.018,53756.96
2000-02-08,-1.015,53211.45
2000-02-09,0.856,53666.98
2000-02-10,1.136,54276.37
2000-02-11,-0.244,54143.95
2000-02-14,0.645,54493.27
2000-02-15,0.16,54580.72
2000-02-16,0.618,54917.82
2000-02-17,-0.589,54594.12
2000-02-18,0.002,54595.03
2000-02-22,-1.958,53526.27
2000-02-23,1.09,54109.75
2000-02-24,0.089,54158.1
2000-02-25,1.497,54969
2000-02-28,0.757,55384.9
2000-02-29,0.363,55585.75
2000-03-01,0.649,55946.51
2000-03-02,0.246,56084.23
2000-03-03,-0.533,55785.23
2000-03-06,0.592,56115.23
2000-03-07,0.685,56499.73
2000-03-08,-1.97,55386.45
2000-03-09,-0.846,54917.9
2000-03-10,-0.215,54800.02
2000-03-13,-0.615,54463.04
2000-03-14,-0.788,54033.74
2000-03-15,-0.426,53803.41
2000-03-16,-0.808,53368.42
2000-03-17,-0.735,52976.05
2000-03-20,-0.704,52602.99
2000-03-21,0.55,52892.33
2000-03-22,0.082,52935.59
2000-03-23,-1.13,52337.41
2000-03-24,0.598,52650.17
2000-03-27,0.267,52790.6
2000-03-28,0,52790.41
2000-03-29,-0.285,52640.06
2000-03-30,-1.282,51965.15
2000-03-31,0.298,52120.01
2000-04-03,-1.188,51500.63
2000-04-04,-1.562,50695.95
2000-04-05,0.391,50894.3
2000-04-06,0.356,51075.58
2000-04-07,-0.31,50917.47
2000-04-10,-1.191,50311.07
2000-04-11,-0.049,50286.52
2000-04-12,1.424,51002.67
2000-04-13,-0.266,50867.24
2000-04-14,-0.519,50603.02
2000-04-17,0.937,51077.35
2000-04-18,0.35,51256.2
2000-04-19,0.92,51727.95
2000-04-20,0.073,51765.51
2000-04-24,0.087,51810.4
2000-04-25,0.006,51813.66
2000-04-26,-0.383,51615.2
2000-04-27,0.687,51969.98
2000-04-28,0.152,52048.86
2000-05-01,-0.27,51908.16
2000-05-02,0.936,52394.09
2000-05-03,-0.485,52140.16
2000-05-04,0.943,52631.93
2000-05-05,-0.493,52372.27
2000-05-08,1.679,53251.44
2000-05-09,0.326,53424.81
2000-05-10,0.301,53585.67
2000-05-11,1.686,54489.14
2000-05-12,-0.68,54118.44
2000-05-15,1.081,54703.43
2000-05-16,0.6,55031.56
2000-05-17,1.549,55883.83
2000-05-18,1.343,56634.34
2000-05-19,-0.624,56281.11
2000-05-22,-1.124,55648.33
2000-05-23,0.473,55911.52
2000-05-24,1.804,56920.32
2000-05-25,0.341,57114.34
2000-05-26,-1.504,56255.26
2000-05-30,0.415,56488.74
2000-05-31,-0.768,56054.71
2000-06-01,0.442,56302.72
2000-06-02,-1.018,55729.46
2000-06-05,-0.359,55529.57
2000-06-06,-0.759,55108
2000-06-07,-0.348,54916.2
2000-06-08,0.744,55324.86
2000-06-09,0.858,55799.36
2000-06-12,0.633,56152.79
2000-06-13,0.255,56295.77
2000-06-14,0.258,56441.21
2000-06-15,-0.113,56377.68
2000-06-16,-1.441,55565.14
2000-06-19,-0.079,55521.45
2000-06-20,0.421,55755.2
2000-06-21,0.998,56311.85
2000-06-22,0.939,56840.63
2000-06-23,0.486,57116.89
2000-06-26,0.16,57208.49
2000-06-27,-0.057,57175.63
2000-06-28,-0.191,57066.19
2000-06-29,1.062,57672.28
2000-06-30,0.25,57816.45
2000-07-03,0.351,58019.45
2000-07-05,-0.783,57565.09
2000-07-06,-0.393,57338.99
2000-07-07,0.379,57556.2
2000-07-10,-0.776,57109.45
2000-07-11,0.624,57465.61
2000-07-12,0.516,57762.28
2000-07-13,1.22,58467.13
2000-07-14,-0.603,58114.74
2000-07-17,-0.267,57959.38
2000-07-18,1.023,58552.18
2000-07-19,-0.306,58373.26
2000-07-20,-0.619,58012.2
2000-07-21,-1.085,57383
2000-07-24,-0.582,57048.82
2000-07-25,0.024,57062.32
2000-07-26,0.283,57223.97
2000-07-27,0.79,57676.01
2000-07-28,0.333,57868.32
2000-07-31,-0.544,57553.65
2000-08-01,1.38,58347.94
2000-08-02,1.154,59021.47
2000-08-03,0.895,59549.8
2000-08-04,0.977,60131.56
2000-08-07,-0.725,59695.84
2000-08-08,0.816,60183.05
2000-08-09,1.07,60827.2
2000-08-10,0.778,61300.61
2000-08-11,0.033,61320.75
2000-08-14,0.332,61524.04
2000-08-15,-0.874,60986.04
2000-08-16,-0.14,60900.59
2000-08-17,0.418,61155.22
2000-08-18,1.226,61905.02
2000-08-21,1.071,62568.02
2000-08-22,-0.198,62443.99
2000-08-23,1.01,63074.58
2000-08-24,-0.42,62809.9
2000-08-25,0.675,63233.91
2000-08-28,0.365,63464.81
2000-08-29,-0.195,63341.25
2000-08-30,1.135,64060.37
2000-08-31,-0.098,63997.3
2000-09-01,0.123,64076.17
2000-09-05,0.608,64465.83
2000-09-06,1.74,65587.39
2000-09-07,0.352,65818.17
2000-09-08,-0.724,65341.35
2000-09-11,0.857,65901.19
2000-09-12,-0.125,65818.69
2000-09-13,0.12,65897.69
2000-09-14,0.441,66188.55
2000-09-15,0.475,66502.63
2000-09-18,0.042,66530.58
2000-09-19,0.165,66640.5
2000-09-20,-0.372,66392.65
2000-09-21,-1.114,65653.09
2000-09-22,-1.59,64609.25
2000-09-25,-0.362,64375.33
2000-09-26,-0.69,63930.97
2000-09-27,-0.341,63712.68
2000-09-28,-0.972,63093.62
2000-09-29,0.381,63334.22
2000-10-02,0.917,63914.77
2000-10-03,0.411,64177.64
2000-10-04,-0.037,64153.75
2000-10-05,0.172,64263.89
2000-10-06,0.542,64612.32
2000-10-09,1.295,65449.12
2000-10-10,0.624,65857.4
2000-10-11,1.09,66574.92
2000-10-12,1.8,67773.48
2000-10-13,0.219,67921.58
2000-10-16,-0.409,67643.58
2000-10-17,-0.169,67529.45
2000-10-18,0.728,68021.31
2000-10-19,-0.795,67480.3
2000-10-20,0.565,67861.62
2000-10-23,1.264,68719.58
2000-10-24,-0.614,68297.73
2000-10-25,-0.032,68275.55
2000-10-26,-0.1,68207.32
2000-10-27,-1.186,67398.24
2000-10-30,0.404,67670.7
2000-10-31,-0.342,67439.02
2000-11-01,0.081,67493.59
2000-11-02,-0.499,67156.67
2000-11-03,-0.589,66760.85
2000-11-06,0.44,67054.5
2000-11-07,0.649,67489.64
2000-11-08,0.692,67956.73
2000-11-09,0.757,68470.89
2000-11-10,1.186,69282.97
2000-11-13,0.739,69795.08
2000-11-14,1.358,70742.83
2000-11-15,1.697,71943.21
2000-11-16,0.207,72092.3
2000-11-17,0.679,72581.84
2000-11-20,0.934,73260.1
2000-11-21,0.76,73816.73
2000-11-22,0.534,74211.28
2000-11-24,0.434,74533.21
2000-11-27,-1.085,73724.83
2000-11-28,-0.805,73131.14
2000-11-29,1.004,73865.6
2000-11-30,-0.31,73636.62
2000-12-01,-1.194,72757.2
2000-12-04,-0.059,72714.5
2000-12-05,0.203,72861.76
2000-12-06,0.536,73252.57
2000-12-07,0.328,73492.84
2000-12-08,-0.438,73170.62
2000-12-11,1.977,74617.13
2000-12-12,-0.623,74151.9
2000-12-13,-0.246,73969.52
2000-12-14,-1.399,72934.89
2000-12-15,1.336,73909.39
2000-12-18,0.779,74485.44
2000-12-19,-0.155,74369.78
2000-12-20,-0.636,73896.45
2000-12-21,-0.062,73850.5
2000-12-22,-0.463,73508.4
2000-12-26,0.407,73807.9
2000-12-27,0.591,74244.34
2000-12-28,-0.316,74009.91
2000-12-29,0.955,74716.85
2001-01-02,-0.187,74577.25
2001-01-03,-0.187,74438.1
2001-01-04,0.169,74563.98
2001-01-05,0.066,74612.92
2001-01-08,-0.011,74604.35
2001-01-09,-0.033,74579.47
2001-01-10,0.265,74776.78
2001-01-11,-0.452,74438.7
2001-01-12,-0.169,74313.18
2001-01-16,-0.117,74226.46
2001-01-17,-1.28,73276.2
2001-01-18,0.155,73389.8
2001-01-19,0.665,73878
2001-01-22,-0.691,73367.51
2001-01-23,-0.542,72969.83
2001-01-24,-0.409,72671.15
2001-01-25,0.317,72901.68
2001-01-26,0.567,73314.99
2001-01-29,-1.421,72273.11
2001-01-30,-0.703,71764.77
2001-01-31,-0.337,71522.81
2001-02-01,1.432,72546.95
2001-02-02,1.061,73316.38
2001-02-05,-0.766,72754.87
2001-02-06,-0.005,72750.9
2001-02-07,1.951,74170.18
2001-02-08,0.633,74639.77
2001-02-09,0.254,74829.26
2001-02-12,-0.52,74440.5
2001-02-13,-0.218,74278.58
2001-02-14,-1.292,73319.13
2001-02-15,-0.663,72833.33
2001-02-16,0.584,73258.69
2001-02-20,-0.371,72986.99
2001-02-21,0.058,73029.3
2001-02-22,0.009,73036
2001-02-23,0.531,73423.64
2001-02-26,0.094,73492.96
2001-02-27,0.391,73780.35
2001-02-28,-0.074,73725.9
2001-03-01,0.485,74083.28
2001-03-02,0.141,74187.75
2001-03-05,0.952,74894.01
2001-03-06,0.155,75010.08
2001-03-07,1.605,76213.62
2001-03-08,-0.288,75993.97
2001-03-09,-0.575,75556.79
2001-03-12,0.406,75863.21
2001-03-13,0.17,75992.55
2001-03-14,0.931,76700.2
2001-03-15,1.493,77845.44
2001-03-16,1.206,78784.3
2001-03-19,-0.491,78397.67
2001-03-20,-0.18,78256.42
2001-03-21,1.446,79387.66
2001-03-22,1.391,80491.88
2001-03-23,-0.494,80094.62
2001-03-26,-0.517,79680.65
2001-03-27,0.09,79752.23
2001-03-28,-0.141,79639.78
2001-03-29,0.377,79940.13
2001-03-30,1.233,80925.46
2001-04-02,-0.361,80633.22
2001-04-03,-0.296,80394.16
2001-04-04,-0.174,80254.57
2001-04-05,0.214,80426.29
2001-04-06,0.134,80534.01
2001-04-09,0.326,80796.58
2001-04-10,-0.062,80746.47
2001-04-11,-1.069,79883.21
2001-04-12,-1.285,78856.39
2001-04-16,0.155,78978.76
2001-04-17,0.467,79347.22
2001-04-18,-0.603,78868.47
2001-04-19,-2.052,77250.41
2001-04-20,-0.246,77060.35
2001-04-23,1.761,78417.26
2001-04-24,-0.253,78218.9
2001-04-25,-0.504,77824.57
2001-04-26,-0.042,77791.59
2001-04-27,0.18,77931.71
2001-04-30,-0.784,77320.49
2001-05-01,-0.759,76733.74
2001-05-02,-0.975,75985.73
2001-05-03,1.028,76766.92
2001-05-04,-0.092,76696.39
2001-05-07,-0.02,76680.71
2001-05-08,0.693,77212.13
2001-05-09,0.361,77491.14
2001-05-10,0.337,77752.5
2001-05-11,-0.517,77350.31
2001-05-14,-0.3,77118.28
2001-05-15,-0.23,76940.72
2001-05-16,-0.523,76538.37
2001-05-17,0.086,76603.88
2001-05-18,0.602,77064.78
2001-05-21,1.087,77902.4
2001-05-22,0.874,78583.33
2001-05-23,0.686,79122.09
2001-05-24,-0.796,78492.51
2001-05-25,0.026,78513.09
2001-05-29,0.397,78824.72
2001-05-30,0.001,78825.59
2001-05-31,0.314,79073.01
2001-06-01,-0.892,78367.31
2001-06-04,0.346,78638.71
2001-06-05,0.26,78843.49
2001-06-06,-0.27,78630.3
2001-06-07,-0.165,78500.86
2001-06-08,0.005,78504.41
2001-06-11,0.317,78753.47
2001-06-12,0.033,78779.14
2001-06-13,-0.152,78659.69
2001-06-14,-0.016,78647.07
2001-06-15,0.633,79145.1
2001-06-18,-0.509,78742.62
2001-06-19,0.338,79008.81
2001-06-20,0.07,79064.24
2001-06-21,-0.297,78829.43
2001-06-22,0.372,79122.73
2001-06-25,0.559,79564.8
2001-06-26,-0.61,79079.53
2001-06-27,-0.004,79076.76
2001-06-28,1.431,80208.24
2001-06-29,-0.672,79669.1
2001-07-02,-0.421,79333.46
2001-07-03,-0.715,78766.18
2001-07-05,0.665,79289.78
2001-07-06,-0.622,78796.23
2001-07-09,-0.344,78524.92
2001-07-10,-1.253,77541.31
2001-07-11,-0.684,77010.91
2001-07-12,-0.593,76553.86
2001-07-13,0.809,77172.9
2001-07-16,0.686,77702.39
2001-07-17,-1.13,76824.55
2001-07-18,-0.547,76404.63
2001-07-19,0.113,76490.76
2001-07-20,-0.321,76245.5
2001-07-23,0.387,76540.21
2001-07-24,-0.769,75951.74
2001-07-25,-1.425,74869.59
2001-07-26,0.313,75103.95
2001-07-27,-0.198,74955.3
2001-07-30,0.051,74993.77
2001-07-31,0.137,75096.63
2001-08-01,-0.276,74889.7
2001-08-02,-0.655,74398.82
2001-08-03,0.404,74699.46
2001-08-06,-0.017,74686.94
2001-08-07,0.144,74794.22
2001-08-08,-0.178,74661.28
2001-08-09,-0.691,74145.08
2001-08-10,0.077,74202.13
2001-08-13,-0.192,74059.87
2001-08-14,-0.959,73349.63
2001-08-15,-1.412,72314.29
2001-08-16,0.297,72529.17
2001-08-17,0.246,72707.5
2001-08-20,0.112,72789.12
2001-08-21,-0.209,72636.69
2001-08-22,0.545,73032.67
2001-08-23,-0.596,72597.28
2001-08-24,0.327,72834.68
2001-08-27,0.023,72851.46
2001-08-28,0.727,73381.04
2001-08-29,0.321,73616.87
2001-08-30,0.351,73875.07
2001-08-31,-0.518,73492.6
2001-09-04,-0.978,72774.17
2001-09-05,0.046,72807.95
2001-09-06,0.73,73339.11
2001-09-07,0.441,73662.57
2001-09-10,-0.183,73528.13
2001-09-17,1.992,74992.59
2001-09-18,0.372,75271.86
2001-09-19,0.712,75807.61
2001-09-20,-0.883,75138.02
2001-09-21,-0.304,74909.41
2001-09-24,0.084,74972.33
2001-09-25,-0.005,74968.73
2001-09-26,0.076,75025.95
2001-09-27,0.417,75339.1
2001-09-28,-0.334,75087.79
2001-10-01,0.611,75546.32
2001-10-02,0.394,75843.64
2001-10-03,-0.24,75661.3
2001-10-04,-0.38,75373.63
2001-10-05,0.296,75597.05
2001-10-08,0.269,75800.56
2001-10-09,-0.596,75348.79
2001-10-10,-0.642,74864.76
2001-10-11,-1.099,74042.32
2001-10-12,1.436,75105.46
2001-10-15,0.348,75367.02
2001-10-16,-0.35,75103.25
2001-10-17,0.335,75355.14
2001-10-18,0.868,76009.43
2001-10-19,-1.724,74698.72
2001-10-22,-0.224,74531.69
2001-10-23,0.581,74964.35
2001-10-24,-0.673,74459.75
2001-10-25,1.03,75226.45
2001-10-26,0.009,75233.48
2001-10-29,0.354,75499.67
2001-10-30,1.057,76298.05
2001-10-31,1.046,77096.47
2001-11-01,1.079,77928.24
2001-11-02,-0.242,77739.69
2001-11-05,0.792,78355.4
2001-11-06,-0.141,78244.72
2001-11-07,0.062,78293.37
2001-11-08,-2.033,76701.63
2001-11-09,-1.085,75869.55
2001-11-12,1.342,76887.9
2001-11-13,-2.026,75330.25
2001-11-14,0.745,75891.58
2001-11-15,0.829,76520.51
2001-11-16,-1.769,75167.18
2001-11-19,-0.338,74913.06
2001-11-20,-0.761,74343.16
2001-11-21,-0.619,73882.67
2001-11-23,-0.264,73687.77
2001-11-26,1.019,74438.67
2001-11-27,-1.492,73328.34
2001-11-28,1.078,74118.85
2001-11-29,0.866,74760.71
2001-11-30,-1.294,73793.24
2001-12-03,-0.029,73771.63
2001-12-04,0.986,74498.9
2001-12-05,-0.95,73791.05
2001-12-06,0.616,74245.58
2001-12-07,-1.088,73438
2001-12-10,0.976,74154.75
2001-12-11,0.734,74699.28
2001-12-12,0.814,75307.4
2001-12-13,-0.316,75069.15
2001-12-14,-1.454,73977.82
2001-12-17,0.089,74043.39
2001-12-18,0.931,74732.84
2001-12-19,0.413,75041.18
2001-12-20,0.714,75576.78
2001-12-21,-0.718,75033.94
2001-12-24,-0.29,74816.25
2001-12-26,-1.405,73765.31
2001-12-27,1.06,74547.59
2001-12-28,-0.041,74517.08
2001-12-31,1.791,75851.51
2002-01-02,-1.113,75007.36
2002-01-03,0.875,75663.9
2002-01-04,-1.531,74505.13
2002-01-07,0.14,74609.74
2002-01-08,0.312,74842.86
2002-01-09,0.957,75559.43
2002-01-10,0.575,75993.84
2002-01-11,0.606,76454.16
2002-01-14,0.873,77121.33
2002-01-15,-0.551,76696.49
2002-01-16,-0.356,76423.65
2002-01-17,1.284,77404.67
2002-01-18,0.693,77941.25
2002-01-22,0.141,78050.79
2002-01-23,-0.7,77504.5
2002-01-24,-0.231,77325.59
2002-01-25,-0.706,76779.6
2002-01-28,0.633,77265.71
2002-01-29,0.838,77913.26
2002-01-30,0.465,78275.83
2002-01-31,-0.849,77610.96
2002-02-01,-0.661,77097.77
2002-02-04,1.002,77870.66
2002-02-05,0.515,78271.55
2002-02-06,0.283,78492.93
2002-02-07,-0.342,78224.16
2002-02-08,-0.263,78018.06
2002-02-11,-1.714,76680.6
2002-02-12,-0.214,76516.25
2002-02-13,-0.581,76072.07
2002-02-14,0.409,76382.91
2002-02-15,0.361,76658.95
2002-02-19,-0.195,76509.39
2002-02-20,0.416,76827.3
2002-02-21,-0.459,76474.5
2002-02-22,-0.032,76449.85
2002-02-25,1.408,77526.64
2002-02-26,-0.484,77151.52
2002-02-27,0.062,77199.32
2002-02-28,-0.929,76481.93
2002-03-01,-2.195,74803.48
2002-03-04,-1.279,73846.51
2002-03-05,-1.524,72721.11
2002-03-06,-1.265,71800.93
2002-03-07,-3.043,69616.32
2002-03-08,-0.735,69104.43
2002-03-11,-1.706,67925.44
2002-03-12,-0.156,67819.36
2002-03-13,0.255,67992.49
2002-03-14,-1.453,67004.56
2002-03-15,-0.742,66507.71
2002-03-18,-0.904,65906.47
2002-03-19,-0.113,65832.01
2002-03-20,0.4,66095.18
2002-03-21,-1.416,65159.47
2002-03-22,0.238,65314.5
2002-03-25,-0.564,64946
2002-03-26,-0.848,64395.05
2002-03-27,-0.406,64133.37
2002-03-28,0.45,64421.67
2002-04-01,-1.001,63776.91
2002-04-02,-0.476,63473.54
2002-04-03,-0.147,63380.03
2002-04-04,0.208,63512.01
2002-04-05,-0.134,63427.18
2002-04-08,0.369,63661.13
2002-04-09,0.226,63805.27
2002-04-10,0.394,64056.56
2002-04-11,0.165,64162.12
2002-04-12,-0.615,63767.58
2002-04-15,-0.391,63518.39
2002-04-16,0.398,63771.26
2002-04-17,0.097,63833.17
2002-04-18,0.416,64098.53
2002-04-19,-0.203,63968.4
2002-04-22,-0.229,63822.07
2002-04-23,0.154,63920.52
2002-04-24,0.476,64224.83
2002-04-25,0.52,64559
2002-04-26,0.188,64680.21
2002-04-29,-0.149,64584.09
2002-04-30,-0.827,64050.08
2002-05-01,0.001,64050.92
2002-05-02,-0.333,63837.54
2002-05-03,0.281,64016.81
2002-05-06,-0.384,63770.84
2002-05-07,-0.074,63723.93
2002-05-08,-0.869,63169.91
2002-05-09,0.272,63341.67
2002-05-10,0.115,63414.7
2002-05-13,-1.376,62542.27
2002-05-14,-0.604,62164.79
2002-05-15,0.078,62213.03
2002-05-16,0.078,62261.63
2002-05-17,0.539,62597.06
2002-05-20,0.011,62603.71
2002-05-21,-0.031,62584.51
2002-05-22,0.343,62799.45
2002-05-23,-0.683,62370.77
2002-05-24,-0.065,62330.24
2002-05-28,0.105,62395.77
2002-05-29,0.064,62435.44
2002-05-30,-0.222,62296.86
2002-05-31,-0.168,62192.03
2002-06-03,0.171,62298.19
2002-06-04,0.276,62470.37
2002-06-05,-0.344,62255.77
2002-06-06,0.568,62609.5
2002-06-07,-0.068,62566.7
2002-06-10,-0.647,62162.04
2002-06-11,0.229,62304.42
2002-06-12,-0.05,62273
2002-06-13,-0.965,61672.2
2002-06-14,-0.092,61615.63
2002-06-17,-0.137,61531.13
2002-06-18,0.326,61731.57
2002-06-19,0.342,61942.59
2002-06-20,0.573,62297.79
2002-06-21,0.814,62805.14
2002-06-24,-1.141,62088.35
2002-06-25,0.069,62130.91
2002-06-26,0.939,62714.11
2002-06-27,-0.661,62299.69
2002-06-28,0.617,62683.81
2002-07-01,-0.92,62107.3
2002-07-02,-0.3,61920.94
2002-07-03,-0.435,61651.62
2002-07-05,-0.929,61079.18
2002-07-08,1.671,62099.92
2002-07-09,0.582,62461.31
2002-07-10,0.393,62706.73
2002-07-11,0.264,62872.31
2002-07-12,0.327,63077.59
2002-07-15,0.91,63651.84
2002-07-16,-0.188,63532.3
2002-07-17,0.002,63533.72
2002-07-18,-0.472,63233.84
2002-07-19,0.821,63753.26
2002-07-22,-1.128,63034.42
2002-07-23,-2.176,61663.09
2002-07-24,1.314,62473.15
2002-07-25,0.162,62574.06
2002-07-26,-1.64,61547.76
2002-07-29,-1.37,60704.86
2002-07-30,1.11,61378.67
2002-07-31,0.124,61454.66
2002-08-01,0.428,61717.97
2002-08-02,0.971,62317.51
2002-08-05,-0.33,62112.1
2002-08-06,-1.185,61376.36
2002-08-07,1.058,62025.49
2002-08-08,-1.414,61148.4
2002-08-09,0.749,61606.51
2002-08-12,1.359,62443.83
2002-08-13,0.663,62858.04
2002-08-14,0.845,63389.28
2002-08-15,-0.242,63235.98
2002-08-16,-0.937,62643.37
2002-08-19,-1.345,61800.6
2002-08-20,0.629,62189.45
2002-08-21,-0.166,62086.49
2002-08-22,-2.018,60833.69
2002-08-23,0.532,61157.46
2002-08-26,0.553,61495.9
2002-08-27,1.105,62175.63
2002-08-28,-0.269,62008.21
2002-08-29,0.876,62551.63
2002-08-30,0.123,62628.69
2002-09-03,1.833,63776.46
2002-09-04,0.448,64061.95
2002-09-05,1.126,64783.22
2002-09-06,0.374,65025.32
2002-09-09,0.794,65541.62
2002-09-10,-0.331,65324.59
2002-09-11,-0.405,65059.87
2002-09-12,0.073,65107.52
2002-09-13,-0.046,65077.33
2002-09-16,0.326,65289.59
2002-09-17,-0.214,65149.57
2002-09-18,0.857,65707.81
2002-09-19,0.787,66225.06
2002-09-20,-1.127,65478.82
2002-09-23,0.526,65823.52
2002-09-24,0.735,66307.22
2002-09-25,-1.003,65641.87
2002-09-26,0.273,65820.87
2002-09-27,0.736,66305.44
2002-09-30,0.587,66694.43
2002-10-01,-0.574,66311.33
2002-10-02,-0.469,66000.53
2002-10-03,-0.846,65442.03
2002-10-04,-0.379,65194.11
2002-10-07,0.571,65566.49
2002-10-08,-0.143,65472.75
2002-10-09,0.557,65837.47
2002-10-10,-1.573,64801.89
2002-10-11,-0.326,64590.57
2002-10-14,0.845,65136.43
2002-10-15,-1.052,64451.11
2002-10-16,0.023,64465.82
2002-10-17,-0.584,64089.37
2002-10-18,-0.061,64050.03
2002-10-21,-1.597,63027.08
2002-10-22,-0.415,62765.4
2002-10-23,0.314,62962.77
2002-10-24,0.064,63003.2
2002-10-25,-0.649,62594.41
2002-10-28,0.856,63129.94
2002-10-29,0.545,63473.84
2002-10-30,-0.536,63133.83
2002-10-31,1.058,63802.04
2002-11-01,0.053,63836.1
2002-11-04,-0.704,63386.73
2002-11-05,-0.713,62934.99
2002-11-06,-0.16,62834.11
2002-11-07,0.793,63332.55
2002-11-08,0.27,63503.26
2002-11-11,-0.036,63480.29
2002-11-12,-0.353,63256.4
2002-11-13,-0.883,62697.94
2002-11-14,-0.184,62582.56
2002-11-15,0.487,62887.55
2002-11-18,0.74,63352.86
2002-11-19,0.379,63592.97
2002-11-20,-0.162,63490.25
2002-11-21,-0.023,63475.39
2002-11-22,0.243,63629.63
2002-11-25,-0.721,63170.74
2002-11-26,0.615,63559.03
2002-11-27,-0.816,63040.1
2002-11-29,0.604,63420.74
2002-12-02,0.328,63629.05
2002-12-03,-0.222,63487.57
2002-12-04,0.024,63502.63
2002-12-05,0.544,63848.4
2002-12-06,0.425,64120.03
2002-12-09,0.305,64315.28
2002-12-10,0.47,64617.54
2002-12-11,0.334,64833.55
2002-12-12,1.535,65829.02
2002-12-13,0.647,66255.17
2002-12-16,0.749,66751.57
2002-12-17,0.223,66900.24
2002-12-18,0.456,67205.19
2002-12-19,0.624,67624.44
2002-12-20,-0.263,67446.56
2002-12-23,0.765,67962.26
2002-12-24,0.681,68425.22
2002-12-26,-0.069,68378.21
2002-12-27,0.708,68862.06
2002-12-30,-1.106,68100.71
2002-12-31,0.206,68241.26
2003-01-02,-0.126,68155.19
2003-01-03,1.263,69015.78
2003-01-06,-0.329,68788.69
2003-01-07,-0.821,68223.9
2003-01-08,1.093,68969.34
2003-01-09,0.529,69334.51
2003-01-10,0.062,69377.33
2003-01-13,0.41,69661.57
2003-01-14,0.127,69750.29
2003-01-15,0.852,70344.69
2003-01-16,1.228,71208.72
2003-01-17,0.98,71906.41
2003-01-21,0.114,71988.19
2003-01-22,0.372,72256.34
2003-01-23,0.192,72395.28
2003-01-24,1.818,73711.19
2003-01-27,-0.522,73326.09
2003-01-28,0.189,73464.69
2003-01-29,1.484,74555.26
2003-01-30,-0.034,74529.86
2003-01-31,-0.342,74275.2
2003-02-03,-0.46,73933.79
2003-02-04,1.744,75223.04
2003-02-05,-0.447,74886.51
2003-02-06,0.769,75462.7
2003-02-07,1.004,76220.48
2003-02-10,-1.672,74946.3
2003-02-11,0.753,75510.46
2003-02-12,-0.747,74946.65
2003-02-13,1.093,75766.11
2003-02-14,-0.672,75257.27
2003-02-18,-0.683,74742.89
2003-02-19,1.885,76151.66
2003-02-20,0.064,76200.29
2003-02-21,0.996,76959.24
2003-02-24,2.355,78771.67
2003-02-25,-1.634,77484.9
2003-02-26,1.277,78474.44
2003-02-27,-0.792,77852.96
2003-02-28,0.797,78473.42
2003-03-03,0.038,78503.28
2003-03-04,-0.08,78440.58
2003-03-05,0.679,78973.26
2003-03-06,0.068,79026.95
2003-03-07,1.474,80191.55
2003-03-10,-0.213,80020.9
2003-03-11,-0.99,79228.87
2003-03-12,-0.553,78790.76
2003-03-13,-3.711,75866.53
2003-03-14,-0.669,75358.82
2003-03-17,-2.091,73783.07
2003-03-18,-1.85,72418.13
2003-03-19,-1.829,71093.26
2003-03-20,-0.594,70670.72
2003-03-21,-2.213,69106.72
2003-03-24,2.741,71001.23
2003-03-25,-0.651,70539.01
2003-03-26,0.221,70694.71
2003-03-27,1.064,71447.25
2003-03-28,0.62,71890.09
2003-03-31,1.019,72622.74
2003-04-01,-0.833,72017.94
2003-04-02,-2.269,70384.15
2003-04-03,-0.215,70233.08
2003-04-04,-0.585,69822.39
2003-04-07,-1.26,68942.78
2003-04-08,0.847,69526.74
2003-04-09,1.436,70525.26
2003-04-10,-0.158,70413.78
2003-04-11,-0.236,70247.78
2003-04-14,0.015,70258.03
2003-04-15,0.78,70805.8
2003-04-16,1.072,71564.6
2003-04-17,0.39,71843.57
2003-04-21,-0.028,71823.2
2003-04-22,0.379,72095.07
2003-04-23,-1.465,71038.88
2003-04-24,0.789,71599.7
2003-04-25,-0.065,71552.93
2003-04-28,-1.004,70834.7
2003-04-29,0.036,70859.92
2003-04-30,1.244,71741.17
2003-05-01,0.539,72128.1
2003-05-02,-1.15,71298.44
2003-05-05,0.592,71720.57
2003-05-06,0.211,71871.93
2003-05-07,-0.333,71632.88
2003-05-08,0.684,72122.7
2003-05-09,-0.327,71886.65
2003-05-12,-0.068,71837.48
2003-05-13,0.401,72125.61
2003-05-14,0.614,72568.73
2003-05-15,-1.514,71469.73
2003-05-16,1.107,72260.69
2003-05-19,0.149,72368.33
2003-05-20,0.694,72870.46
2003-05-21,-0.208,72718.83
2003-05-22,-0.441,72398.21
2003-05-23,0.415,72698.75
2003-05-27,-0.662,72217.33
2003-05-28,-1.887,70854.63
2003-05-29,1.217,71716.79
2003-05-30,-0.465,71383.33
2003-06-02,-0.06,71340.68
2003-06-03,0.232,71506.33
2003-06-04,-0.168,71386.5
2003-06-05,1.445,72417.87
2003-06-06,-0.64,71954.33
2003-06-09,0.136,72052.08
2003-06-10,0.479,72397.39
2003-06-11,0.434,72711.55
2003-06-12,-1.36,71722.33
2003-06-13,0.846,72329.35
2003-06-16,-0.482,71980.54
2003-06-17,-0.485,71631.22
2003-06-18,-1.444,70596.85
2003-06-19,-0.152,70489.69
2003-06-20,-0.517,70124.97
2003-06-23,0.479,70460.79
2003-06-24,-0.556,70069.07
2003-06-25,1.217,70921.56
2003-06-26,-3.074,68741.15
2003-06-27,-0.248,68570.54
2003-06-30,1.174,69375.29
2003-07-01,0.337,69609.39
2003-07-02,-0.27,69421.74
2003-07-03,-1.124,68641.69
2003-07-07,-1.052,67919.51
2003-07-08,-1.002,67239.24
2003-07-09,0.699,67709.13
2003-07-10,0.069,67755.98
2003-07-11,-0.415,67474.63
2003-07-14,-0.427,67186.4
2003-07-15,-2.364,65598
2003-07-16,-0.6,65204.13
2003-07-17,-0.355,64972.79
2003-07-18,-0.076,64923.36
2003-07-21,-0.452,64630.18
2003-07-22,-1.812,63458.91
2003-07-23,1.65,64506.29
2003-07-24,0.062,64546.27
2003-07-25,0.436,64827.77
2003-07-28,-1.003,64177.73
2003-07-29,-0.503,63854.95
2003-07-30,-0.406,63595.92
2003-07-31,-1.606,62574.29
2003-08-01,1.647,63605.12
2003-08-04,-0.153,63508.05
2003-08-05,0.055,63543.1
2003-08-06,0.128,63624.6
2003-08-07,1.061,64299.74
2003-08-08,-0.277,64121.46
2003-08-11,0.427,64395.4
2003-08-12,-0.526,64056.39
2003-08-13,-0.794,63547.91
2003-08-14,-0.198,63422.27
2003-08-15,0.45,63707.89
2003-08-18,-0.791,63203.65
2003-08-19,0.077,63252.46
2003-08-20,0.507,63573.3
2003-08-21,0.29,63757.77
2003-08-22,-0.102,63692.88
2003-08-25,-0.261,63526.84
2003-08-26,0.228,63671.85
2003-08-27,-0.453,63383.52
2003-08-28,0.168,63490.01
2003-08-29,1.131,64208.37
2003-09-02,-1.975,62940.56
2003-09-03,-0.005,62937.13
2003-09-04,-0.602,62558.3
2003-09-05,-0.184,62443.48
2003-09-08,-0.295,62259.52
2003-09-09,0.426,62524.67
2003-09-10,-0.806,62020.55
2003-09-11,-0.542,61684.09
2003-09-12,-0.715,61243.17
2003-09-15,-0.244,61093.93
2003-09-16,-1.432,60219.23
2003-09-17,-0.325,60023.23
2003-09-18,-0.664,59624.44
2003-09-19,0.301,59803.68
2003-09-22,0.5,60102.75
2003-09-23,-0.583,59752.6
2003-09-24,0.618,60121.96
2003-09-25,-0.164,60023.21
2003-09-26,-0.927,59466.76
2003-09-29,0.095,59523.48
2003-09-30,0.342,59726.79
2003-10-01,1.474,60607.36
2003-10-02,0.655,61004.48
2003-10-03,-1.08,60345.79
2003-10-06,1.425,61205.99
2003-10-07,0.884,61747.19
2003-10-08,0.26,61908.02
2003-10-09,0.529,62235.82
2003-10-10,1.819,63367.77
2003-10-13,0.813,63882.78
2003-10-14,0.196,64008.15
2003-10-15,-0.537,63664.34
2003-10-16,-0.143,63573.37
2003-10-17,0.779,64068.65
2003-10-20,0.492,64384.01
2003-10-21,0.41,64647.7
2003-10-22,1.394,65549
2003-10-23,-0.214,65408.6
2003-10-24,0.796,65929.52
2003-10-27,0.245,66091.34
2003-10-28,-0.005,66088.03
2003-10-29,0.231,66240.74
2003-10-30,-0.474,65926.64
2003-10-31,0.803,66455.91
2003-11-03,-1.1,65724.78
2003-11-04,0.336,65945.64
2003-11-05,0.951,66573.03
2003-11-06,-0.516,66229.77
2003-11-07,1.126,66975.62
2003-11-10,0.158,67081.57
2003-11-11,0.142,67176.62
2003-11-12,0.808,67719.14
2003-11-13,0.764,68236.8
2003-11-14,0.19,68366.46
2003-11-17,-0.898,67752.29
2003-11-18,2.129,69195.06
2003-11-19,-1.607,68083.05
2003-11-20,0.47,68402.99
2003-11-21,0.348,68641.23
2003-11-24,-1.888,67345.42
2003-11-25,0.364,67590.34
2003-11-26,1.395,68533.16
2003-11-28,0.564,68919.46
2003-12-01,-0.156,68811.86
2003-12-02,1.292,69700.89
2003-12-03,0.255,69878.92
2003-12-04,-1.106,69106.37
2003-12-05,0.191,69238.31
2003-12-08,0.83,69812.84
2003-12-09,-0.013,69803.68
2003-12-10,-0.372,69543.9
2003-12-11,0.017,69555.9
2003-12-12,0.923,70198.14
2003-12-15,0.827,70778.43
2003-12-16,-0.099,70708.04
2003-12-17,0.747,71235.96
2003-12-18,0.861,71849.08
2003-12-19,-0.105,71773.51
2003-12-22,-0.916,71116.05
2003-12-23,0.026,71134.41
2003-12-24,1.464,72176
2003-12-26,0.377,72447.87
2003-12-29,0.025,72466.02
2003-12-30,1.006,73194.96
2003-12-31,-0.029,73173.92
2004-01-02,1.087,73969.66
2004-01-05,2.77,76018.97
2004-01-06,0.063,76066.8
2004-01-07,-0.728,75512.83
2004-01-08,1.789,76863.49
2004-01-09,0.949,77592.85
2004-01-12,0.033,77618.39
2004-01-13,-0.652,77112.47
2004-01-14,-0.106,77031.08
2004-01-15,-2.258,75291.78
2004-01-16,0.272,75496.87
2004-01-20,2.126,77101.65
2004-01-21,0.538,77516.33
2004-01-22,0.657,78025.31
2004-01-23,-1.315,76999.07
2004-01-26,-1.453,75880.46
2004-01-27,0.748,76447.73
2004-01-28,-1.78,75087.01
2004-01-29,-1.5,73960.66
2004-01-30,1.036,74727.11
2004-02-02,0.228,74897.38
2004-02-03,0.941,75602.16
2004-02-04,-0.587,75158.11
2004-02-05,0.673,75663.71
2004-02-06,1.455,76764.25
2004-02-09,1.256,77728.3
2004-02-10,0.667,78246.75
2004-02-11,2.017,79824.8
2004-02-12,0.115,79916.62
2004-02-13,0.567,80369.66
2004-02-17,1.806,81820.97
2004-02-18,-1.052,80959.81
2004-02-19,1.074,81829.16
2004-02-20,-2.415,79852.59
2004-02-23,1.462,81020.12
2004-02-24,1.892,82552.91
2004-02-25,-0.541,82105.93
2004-02-26,-0.003,82103.67
2004-02-27,1.307,83176.82
2004-03-01,0.884,83912.17
2004-03-02,-1.971,82258.33
2004-03-03,-0.77,81624.99
2004-03-04,0.419,81966.96
2004-03-05,2.079,83671.1
2004-03-08,-0.533,83225.21
2004-03-09,0.263,83443.9
2004-03-10,-0.571,82967.79
2004-03-11,0.467,83355.06
2004-03-12,-0.729,82747.78
2004-03-15,1.688,84144.43
2004-03-16,0.949,84943.12
2004-03-17,1.261,86014.46
2004-03-18,1.482,87288.8
2004-03-19,-0.176,87135.34
2004-03-22,1.138,88126.92
2004-03-23,0.052,88172.54
2004-03-24,-1.137,87170.04
2004-03-25,-0.233,86966.67
2004-03-26,0.399,87313.92
2004-03-29,-0.058,87263.3
2004-03-30,1.124,88244.1
2004-03-31,1.089,89204.99
2004-04-01,-0.086,89128.7
2004-04-02,-2.439,86954.71
2004-04-05,-1.504,85646.54
2004-04-06,1.085,86575.93
2004-04-07,1.074,87505.62
2004-04-08,-0.625,86958.63
2004-04-12,0.213,87143.74
2004-04-13,-2.505,84960.43
2004-04-14,-1.023,84090.93
2004-04-15,-0.3,83838.47
2004-04-16,0.691,84418.09
2004-04-19,-0.021,84400.03
2004-04-20,-1.458,83169.41
2004-04-21,-2.333,81228.94
2004-04-22,0.955,82004.52
2004-04-23,-0.587,81522.82
2004-04-26,0.875,82236.45
2004-04-27,0.759,82860.46
2004-04-28,-1.093,81955.14
2004-04-29,0.338,82232.23
2004-04-30,0.483,82629.5
2004-05-03,0.709,83215.25
2004-05-04,1.295,84293.08
2004-05-05,0.393,84624.4
2004-05-06,-1.688,83196.15
2004-05-07,-1.575,81885.82
2004-05-10,-2.011,80239.29
2004-05-11,0.31,80488.21
2004-05-12,-0.291,80254.18
2004-05-13,-0.725,79672.16
2004-05-14,-0.731,79089.36
2004-05-17,-0.73,78511.84
2004-05-18,-1.312,77482.03
2004-05-19,2.057,79076
2004-05-20,-1.613,77800.3
2004-05-21,-0.279,77583.41
2004-05-24,1.023,78377.11
2004-05-25,-0.345,78106.95
2004-05-26,-0.946,77368.36
2004-05-27,-0.501,76981.13
2004-05-28,-0.106,76899.15
2004-06-01,1.918,78373.94
2004-06-02,-1.346,77318.71
2004-06-03,-1.158,76423.22
2004-06-04,-0.235,76243.7
2004-06-07,0.262,76443.23
2004-06-08,-1.118,75588.22
2004-06-09,-0.232,75412.72
2004-06-10,0.586,75854.4
2004-06-14,-0.385,75562.2
2004-06-15,-0.378,75276.76
2004-06-16,-0.083,75214.15
2004-06-17,1.055,76007.6
2004-06-18,0.042,76039.88
2004-06-21,-0.911,75347.49
2004-06-22,0.126,75442.5
2004-06-23,0.361,75714.81
2004-06-24,0.653,76209.02
2004-06-25,-0.578,75768.73
2004-06-28,-1.197,74861.41
2004-06-29,-1.094,74042.49
2004-06-30,0.227,74210.69
2004-07-01,1.238,75129.46
2004-07-02,-0.53,74731.11
2004-07-06,0.782,75315.69
2004-07-07,0.219,75480.61
2004-07-08,0.17,75609.01
2004-07-09,-0.003,75606.82
2004-07-12,-0.972,74872.17
2004-07-13,-0.482,74511.12
2004-07-14,1.075,75312.31
2004-07-15,-0.702,74783.32
2004-07-16,0.75,75344.45
2004-07-19,-0.11,75261.65
2004-07-20,-1.513,74123.06
2004-07-21,-0.903,73453.82
2004-07-22,0.935,74140.48
2004-07-23,-0.732,73598.04
2004-07-26,-0.407,73298.54
2004-07-27,-1.041,72535.66
2004-07-28,1.137,73360.65
2004-07-29,-0.28,73155.18
2004-07-30,0.576,73576.85
2004-08-02,-0.404,73279.91
2004-08-03,-0.087,73216.45
2004-08-04,-1.754,71932.56
2004-08-05,-0.044,71900.95
2004-08-06,0.789,72468.13
2004-08-09,-0.559,72063.35
2004-08-10,-0.973,71362.31
2004-08-11,0.041,71391.9
2004-08-12,0.206,71538.98
2004-08-13,1.343,72499.86
2004-08-16,-1.378,71500.85
2004-08-17,-0.809,70922.41
2004-08-18,-0.603,70494.77
2004-08-19,0.375,70759.08
2004-08-20,-1.637,69600.88
2004-08-23,-2.151,68103.56
2004-08-24,-1.111,67346.63
2004-08-25,-0.709,66868.97
2004-08-26,-0.552,66499.87
2004-08-27,-0.073,66451.31
2004-08-30,-0.997,65788.97
2004-08-31,0.383,66041.02
2004-09-01,1.286,66890.23
2004-09-02,0.619,67303.96
2004-09-03,0.016,67314.42
2004-09-07,0.415,67593.97
2004-09-08,1.1,68337.17
2004-09-09,1.375,69276.74
2004-09-10,0.255,69453.54
2004-09-13,0.974,70130.03
2004-09-14,1.309,71048.36
2004-09-15,-0.318,70822.46
2004-09-16,1.602,71957.31
2004-09-17,1.071,72727.64
2004-09-20,1.048,73489.83
2004-09-21,1.217,74384.33
2004-09-22,1.844,75756.14
2004-09-23,0.611,76218.99
2004-09-24,0.986,76970.35
2004-09-27,1.558,78169.23
2004-09-28,0.454,78523.83
2004-09-29,-0.456,78165.95
2004-09-30,1.123,79044.14
2004-10-01,-0.137,78935.78
2004-10-04,-0.491,78548.5
2004-10-05,0.662,79068.67
2004-10-06,0.198,79225.35
2004-10-07,0.094,79299.72
2004-10-08,1.647,80605.79
2004-10-11,0.259,80814.85
2004-10-12,0.015,80826.58
2004-10-13,-0.375,80523.49
2004-10-14,1.099,81408.42
2004-10-15,0.041,81441.46
2004-10-18,-0.578,80970.51
2004-10-19,-0.225,80788.16
2004-10-20,1.891,82315.81
2004-10-21,0.698,82890.19
2004-10-22,0.702,83472.44
2004-10-25,-0.036,83442.08
2004-10-26,0.319,83708.23
2004-10-27,-2.093,81956.03
2004-10-28,-1.034,81108.51
2004-10-29,1.575,82386.26
2004-11-01,-0.907,81638.68
2004-11-02,-0.806,80980.82
2004-11-03,1.746,82394.45
2004-11-04,-0.762,81766.35
2004-11-05,-0.216,81589.87
2004-11-08,-0.631,81074.73
2004-11-09,-0.638,80557.09
2004-11-10,0.395,80875.6
2004-11-11,-0.57,80414.68
2004-11-12,0.885,81126.64
2004-11-15,-0.777,80496.63
2004-11-16,-0.438,80144.38
2004-11-17,1.225,81126.47
2004-11-18,-0.932,80370.59
2004-11-19,1.842,81851.16
2004-11-22,-0.104,81766.32
2004-11-23,0.303,82014.41
2004-11-24,0.972,82811.45
2004-11-26,0.775,83453.44
2004-11-29,-0.752,82826.19
2004-11-30,-0.524,82392.52
2004-12-01,-0.865,81679.86
2004-12-02,-2.401,79718.42
2004-12-03,0.853,80398.22
2004-12-06,-0.628,79892.95
2004-12-07,-0.439,79542.07
2004-12-08,-1.227,78566.29
2004-12-09,-0.236,78380.87
2004-12-10,-1.341,77329.43
2004-12-13,0.38,77623.43
2004-12-14,-0.653,77116.87
2004-12-15,2.228,78835.33
2004-12-16,-1.529,77630.03
2004-12-17,0.584,78083.04
2004-12-20,0.229,78261.92
2004-12-21,-0.26,78058.34
2004-12-22,-1.223,77103.97
2004-12-23,0.13,77204.46
2004-12-27,-0.28,76988.6
2004-12-28,-0.237,76806.23
2004-12-29,-0.72,76253.24
2004-12-30,0.56,76680.21
2004-12-31,-0.261,76479.76
2005-01-03,-0.004,76477.03
2005-01-04,-1.312,75473.69
2005-01-05,-0.201,75321.72
2005-01-06,-0.511,74936.55
2005-01-07,-0.769,74360.42
2005-01-10,0.255,74550.09
2005-01-11,1.126,75389.82
2005-01-12,1.923,76839.26
2005-01-13,-0.057,76795.74
2005-01-14,0.201,76950.4
2005-01-18,0.195,77100.81
2005-01-19,-0.602,76637.02
2005-01-20,-0.457,76286.76
2005-01-21,1.688,77574.85
2005-01-24,-0.135,77470.33
2005-01-25,-0.632,76980.39
2005-01-26,1.099,77826.09
2005-01-27,0.069,77879.52
2005-01-28,-0.385,77579.38
2005-01-31,0.081,77642.03
2005-02-01,-0.568,77201.38
2005-02-02,-0.369,76916.6
2005-02-03,-0.798,76302.97
2005-02-04,0.291,76525.15
2005-02-07,-1.193,75612.38
2005-02-08,-0.001,75611.45
2005-02-09,0.4,75913.67
2005-02-10,1.198,76822.87
2005-02-11,-0.229,76646.78
2005-02-14,0.177,76782.49
2005-02-15,0.253,76976.81
2005-02-16,0.246,77166.51
2005-02-17,-0.244,76978.33
2005-02-18,-0.372,76692.21
2005-02-22,1.092,77530.04
2005-02-23,-0.481,77157.02
2005-02-24,-0.51,76763.81
2005-02-25,-0.921,76056.91
2005-02-28,-0.005,76053.07
2005-03-01,-0.244,75867.8
2005-03-02,-0.094,75796.6
2005-03-03,-0.023,75779.02
2005-03-04,1.309,76771.19
2005-03-07,0.318,77015.43
2005-03-08,0.898,77706.87
2005-03-09,-0.07,77652.47
2005-03-10,-0.642,77153.79
2005-03-11,-0.2,76999.48
2005-03-14,-0.728,76439.24
2005-03-15,-0.288,76218.94
2005-03-16,1.612,77447.21
2005-03-17,-0.21,77284.79
2005-03-18,-0.008,77278.72
2005-03-21,-0.788,76669.69
2005-03-22,-0.709,76125.94
2005-03-23,-1.432,75036.11
2005-03-24,0.511,75419.38
2005-03-28,-0.758,74848.04
2005-03-29,0.381,75133.23
2005-03-30,0.57,75561.84
2005-03-31,1.064,76365.91
2005-04-01,0.312,76603.88
2005-04-04,-0.111,76518.78
2005-04-05,-0.073,76462.91
2005-04-06,-0.332,76208.73
2005-04-07,-0.626,75731.99
2005-04-08,0.313,75969.17
2005-04-11,0.377,76255.22
2005-04-12,-0.374,75969.78
2005-04-13,-0.271,75763.57
2005-04-14,-0.503,75382.68
2005-04-15,0.409,75691.04
2005-04-18,0.452,76033.5
2005-04-19,1.166,76920.4
2005-04-20,0.591,77374.82
2005-04-21,-0.246,77184.78
2005-04-22,0.582,77633.64
2005-04-25,-0.69,77098
2005-04-26,-0.414,76778.44
2005-04-27,-0.717,76228.31
2005-04-28,0.473,76588.79
2005-04-29,-0.845,75941.26
2005-05-02,0.271,76147.38
2005-05-03,-0.278,75935.79
2005-05-04,0.534,76341.54
2005-05-05,0.519,76737.84
2005-05-06,-1.2,75817.22
2005-05-09,0.336,76071.91
2005-05-10,0.61,76535.67
2005-05-11,-0.54,76122.74
2005-05-12,-0.896,75440.95
2005-05-13,-0.602,74986.64
2005-05-16,-0.518,74598.22
2005-05-17,0.262,74793.42
2005-05-18,0.214,74953.77
2005-05-19,-0.315,74717.97
2005-05-20,-0.736,74167.72
2005-05-23,-0.441,73840.73
2005-05-24,1.122,74668.96
2005-05-25,0.614,75127.52
2005-05-26,-0.079,75068.19
2005-05-27,0.333,75318.47
2005-05-31,0.64,75800.18
2005-06-01,1.151,76672.85
2005-06-02,0.324,76921.08
2005-06-03,0.301,77152.24
2005-06-06,-0.046,77116.59
2005-06-07,0.344,77381.53
2005-06-08,-0.003,77379.16
2005-06-09,0.529,77788.82
2005-06-10,-0.033,77763.31
2005-06-13,-0.069,77709.45
2005-06-14,-0.298,77477.77
2005-06-15,-0.683,76948.38
2005-06-16,-0.031,76924.82
2005-06-17,0.144,77035.77
2005-06-20,0.169,77165.86
2005-06-21,0.293,77391.72
2005-06-22,0.711,77942.13
2005-06-23,0.787,78555.47
2005-06-24,0.023,78573.82
2005-06-27,0.458,78933.34
2005-06-28,-0.964,78172.53
2005-06-29,-0.103,78092.15
2005-06-30,0.155,78213.06
2005-07-01,0.738,78790.39
2005-07-05,-0.645,78282.04
2005-07-06,0.661,78799.46
2005-07-07,0.415,79126.21
2005-07-08,-0.232,78942.55
2005-07-11,-0.738,78360.32
2005-07-12,-0.314,78114.21
2005-07-13,-0.036,78085.93
2005-07-14,-0.896,77386.58
2005-07-15,0.025,77406.14
2005-07-18,-0.263,77202.44
2005-07-19,0.403,77513.44
2005-07-20,-0.314,77270.01
2005-07-21,-0.74,76697.93
2005-07-22,1.629,77947.2
2005-07-25,0.389,78250.34
2005-07-26,-0.163,78123.1
2005-07-27,-0.366,77837.27
2005-07-28,0.33,78093.92
2005-07-29,-0.225,77918.09
2005-08-01,0.002,77919.52
2005-08-02,-0.055,77876.55
2005-08-03,-0.748,77294.27
2005-08-04,0.246,77484.04
2005-08-05,-0.07,77430.06
2005-08-08,0.418,77753.95
2005-08-09,-0.775,77151.47
2005-08-10,0.676,77672.86
2005-08-11,0.55,78099.76
2005-08-12,1.136,78986.79
2005-08-15,-0.455,78627.46
2005-08-16,0.56,79067.45
2005-08-17,-1.378,77977.7
2005-08-18,-0.156,77856.16
2005-08-19,0.455,78210.05
2005-08-22,0.047,78246.51
2005-08-23,0.515,78649.64
2005-08-24,1.171,79570.63
2005-08-25,-0.048,79532.16
2005-08-26,-0.188,79382.53
2005-08-29,1.701,80733.1
2005-08-30,2.033,82374.6
2005-08-31,-0.315,82115.11
2005-09-01,0.677,82671.1
2005-09-02,-0.649,82134.24
2005-09-06,-0.642,81606.86
2005-09-07,-0.546,81160.98
2005-09-08,0.583,81633.89
2005-09-09,-0.012,81624.31
2005-09-12,-0.312,81369.66
2005-09-13,0.092,81444.25
2005-09-14,0.85,82136.91
2005-09-15,0.291,82375.62
2005-09-16,-0.743,81763.81
2005-09-19,3.368,84517.25
2005-09-20,-0.374,84201.29
2005-09-21,0.048,84241.68
2005-09-22,0.365,84549.45
2005-09-23,-0.858,83823.68
2005-09-26,0.867,84550.15
2005-09-27,0.613,85068.66
2005-09-28,1.17,86064.11
2005-09-29,-0.227,85868.61
2005-09-30,-0.474,85461.88
2005-10-03,-0.131,85349.63
2005-10-04,0.073,85411.85
2005-10-05,-0.735,84783.87
2005-10-06,-1.754,83296.88
2005-10-07,1.022,84148.37
2005-10-10,0.18,84299.51
2005-10-11,0.975,85121.09
2005-10-12,-1.003,84267.12
2005-10-13,-0.967,83452.64
2005-10-14,-0.941,82667.75
2005-10-17,1.467,83880.26
2005-10-18,0.097,83961.56
2005-10-19,-0.699,83374.25
2005-10-20,-1.17,82398.6
2005-10-21,0.84,83091.01
2005-10-24,-0.556,82628.93
2005-10-25,1.023,83474.07
2005-10-26,-0.35,83182.3
2005-10-27,-0.57,82708.44
2005-10-28,0.437,83069.5
2005-10-31,-0.936,82292.09
2005-11-01,-0.217,82113.27
2005-11-02,-0.505,81698.71
2005-11-03,1.064,82568.05
2005-11-04,0.505,82985.12
2005-11-07,-0.115,82889.99
2005-11-08,-0.121,82789.58
2005-11-09,-0.325,82520.87
2005-11-10,0.234,82714.17
2005-11-11,-0.237,82517.78
2005-11-14,0.31,82773.65
2005-11-15,0.021,82790.72
2005-11-16,1.786,84269.03
2005-11-17,-0.667,83706.95
2005-11-18,-0.074,83645.21
2005-11-21,0.251,83854.78
2005-11-22,0.13,83963.54
2005-11-23,0.412,84309.74
2005-11-25,0.588,84805.11
2005-11-28,-0.871,84066.17
2005-11-29,0.559,84535.89
2005-11-30,0.351,84832.72
2005-12-01,1.322,85954.61
2005-12-02,0.22,86143.44
2005-12-05,-0.142,86020.74
2005-12-06,-0.02,86003.64
2005-12-07,1.02,86881.22
2005-12-08,0.164,87023.73
2005-12-09,-0.477,86608.77
2005-12-12,-0.557,86126.37
2005-12-13,0.29,86375.83
2005-12-14,-1.521,85062.01
2005-12-15,0.089,85137.78
2005-12-16,0.107,85228.6
2005-12-19,0.066,85284.62
2005-12-20,0.577,85776.74
2005-12-21,0.184,85934.49
2005-12-22,-0.582,85434
2005-12-23,-0.19,85272
2005-12-27,-0.569,84786.86
2005-12-28,0.845,85503.7
2005-12-29,0.016,85517.3
2005-12-30,-0.161,85379.25
2006-01-03,-2.071,83610.63
2006-01-04,0.004,83614.3
2006-01-05,-0.575,83133.33
2006-01-06,0.047,83172.24
2006-01-09,0.4,83505.32
2006-01-10,-0.032,83478.43
2006-01-11,-0.317,83213.8
2006-01-12,0.47,83605.31
2006-01-13,-0.012,83595.55
2006-01-17,1.355,84728.68
2006-01-18,0.043,84765.52
2006-01-19,0.389,85095.29
2006-01-20,0.079,85162.78
2006-01-23,-0.786,84493.22
2006-01-24,0.037,84524.52
2006-01-25,-0.208,84348.5
2006-01-26,0.37,84660.91
2006-01-27,0.675,85232.07
2006-01-30,0.025,85253.45
2006-01-31,-0.433,84883.99
2006-02-01,0.57,85367.59
2006-02-02,-0.325,85090.57
2006-02-03,0.118,85190.95
2006-02-06,0.691,85779.52
2006-02-07,-0.81,85084.54
2006-02-08,0.231,85280.77
2006-02-09,-0.055,85233.79
2006-02-10,-0.266,85007.17
2006-02-13,-0.282,84767.32
2006-02-14,0.327,85044.74
2006-02-15,-0.552,84575.47
2006-02-16,-0.16,84440.08
2006-02-17,-0.316,84172.93
2006-02-21,0.213,84352.5
2006-02-22,0.9,85111.46
2006-02-23,-0.923,84326.28
2006-02-24,0.361,84630.38
2006-02-27,-0.025,84609.22
2006-02-28,-0.342,84319.57
2006-03-01,0.367,84628.64
2006-03-02,-0.696,84039.51
2006-03-03,0.054,84084.86
2006-03-06,1.217,85107.91
2006-03-07,0.564,85587.86
2006-03-08,-0.214,85404.62
2006-03-09,-0.378,85081.8
2006-03-10,0.707,85683.24
2006-03-13,-0.605,85164.76
2006-03-14,-1.936,83516.01
2006-03-15,0.672,84077.35
2006-03-16,-0.984,83250.34
2006-03-17,0.948,84039.87
2006-03-20,1.113,84975.38
2006-03-21,0.29,85222.03
2006-03-22,0.198,85390.4
2006-03-23,0.105,85480.13
2006-03-24,-0.288,85234.23
2006-03-27,0.388,85564.65
2006-03-28,0.222,85754.58
2006-03-29,0.085,85827.19
2006-03-30,-0.539,85364.6
2006-03-31,0.267,85592.38
2006-04-03,0.918,86378.11
2006-04-04,-0.272,86142.87
2006-04-05,-0.727,85516.25
2006-04-06,0.454,85904.87
2006-04-07,0.712,86516.21
2006-04-10,-0.063,86461.98
2006-04-11,-0.723,85836.52
2006-04-12,0.421,86197.77
2006-04-13,0.199,86369.06
2006-04-17,-0.877,85611.46
2006-04-18,-0.66,85046.4
2006-04-19,-0.437,84674.5
2006-04-20,0.734,85295.76
2006-04-21,0.524,85742.45
2006-04-24,-0.338,85452.3
2006-04-25,1.366,86619.53
2006-04-26,0.429,86991.5
2006-04-27,-0.345,86691.76
2006-04-28,-0.206,86513.1
2006-05-01,0.425,86880.66
2006-05-02,0.37,87202.49
2006-05-03,-0.265,86971.43
2006-05-04,-0.446,86583.43
2006-05-05,0.116,86683.55
2006-05-08,-0.194,86514.98
2006-05-09,0.99,87371.2
2006-05-10,0.443,87758.5
2006-05-11,1.273,88875.95
2006-05-12,-0.821,88146.38
2006-05-15,-2.076,86316.71
2006-05-16,-0.113,86219.08
2006-05-17,-0.839,85495.47
2006-05-18,-0.123,85389.89
2006-05-19,-0.789,84715.97
2006-05-22,-0.172,84570.65
2006-05-23,1.818,86108.22
2006-05-24,-1.906,84466.76
2006-05-25,1.131,85421.8
2006-05-26,-0.419,85063.56
2006-05-30,1.079,85981.45
2006-05-31,-1.075,85056.97
2006-06-01,-0.976,84227.16
2006-06-02,0.411,84573.19
2006-06-05,0.291,84818.95
2006-06-06,-0.907,84049.5
2006-06-07,0.031,84075.39
2006-06-08,-1.995,82398.13
2006-06-09,0.562,82861.49
2006-06-12,-0.57,82389.53
2006-06-13,-2.575,80267.67
2006-06-14,0.041,80300.3
2006-06-15,0.182,80446.27
2006-06-16,0.166,80579.72
2006-06-19,-0.256,80373.3
2006-06-20,1.395,81494.27
2006-06-21,1.029,82333.22
2006-06-22,0.109,82422.7
2006-06-23,0.31,82678.27
2006-06-26,1.226,83692.14
2006-06-27,-0.738,83074.89
2006-06-28,0.358,83372.34
2006-06-29,0.693,83950.21
2006-06-30,0.284,84188.25
2006-07-03,0.236,84387.03
2006-07-05,1.404,85572.14
2006-07-06,0.105,85662.1
2006-07-07,-0.598,85149.49
2006-07-10,-1.064,84243.36
2006-07-11,-0.075,84180.02
2006-07-12,0.043,84216.21
2006-07-13,0.397,84550.31
2006-07-14,-0.552,84083.59
2006-07-17,-0.312,83821.02
2006-07-18,0.143,83940.85
2006-07-19,-0.353,83644.25
2006-07-20,-0.664,83088.91
2006-07-21,-0.069,83031.86
2006-07-24,-0.695,82454.73
2006-07-25,-0.074,82393.44
2006-07-26,0.002,82394.96
2006-07-27,-0.049,82354.99
2006-07-28,-0.34,82074.74
2006-07-31,-0.784,81430.87
2006-08-01,1.403,82573.54
2006-08-02,-0.03,82548.58
2006-08-03,0.258,82761.39
2006-08-04,0.14,82877.02
2006-08-07,0.818,83555.23
2006-08-08,-0.458,83172.27
2006-08-09,-0.158,83041.07
2006-08-10,-1.16,82077.46
2006-08-11,0.498,82486.09
2006-08-14,0.233,82678.43
2006-08-15,-0.142,82561.3
2006-08-16,-0.12,82462.45
2006-08-17,-0.942,81685.48
2006-08-18,-0.145,81566.63
2006-08-21,0.709,82145.15
2006-08-22,-0.842,81453.43
2006-08-23,-0.226,81269.01
2006-08-24,-0.479,80879.91
2006-08-25,-0.008,80873.83
2006-08-28,0.234,81063.13
2006-08-29,0.408,81394.17
2006-08-30,0.101,81476.4
2006-08-31,-0.188,81323.23
2006-09-01,0.403,81651.08
2006-09-05,0.523,82078.27
2006-09-06,0.461,82456.41
2006-09-07,-0.776,81816.23
2006-09-08,-0.705,81239.49
2006-09-11,0.538,81676.68
2006-09-12,0.772,82307.62
2006-09-13,-0.551,81853.84
2006-09-14,0.71,82434.91
2006-09-15,-0.42,82088.6
2006-09-18,0.55,82539.81
2006-09-19,-0.063,82487.84
2006-09-20,0.526,82922.04
2006-09-21,0.408,83260.41
2006-09-22,0.815,83938.76
2006-09-25,0.423,84293.77
2006-09-26,-0.191,84132.55
2006-09-27,-0.213,83953.19
2006-09-28,-0.502,83531.43
2006-09-29,-0.519,83097.89
2006-10-02,0.79,83754.52
2006-10-03,0.484,84159.84
2006-10-04,-1.124,83213.91
2006-10-05,-0.409,82873.68
2006-10-06,0.179,83021.78
2006-10-09,-0.649,82483.1
2006-10-10,0.393,82806.93
2006-10-11,0.787,83458.93
2006-10-12,-0.087,83386.1
2006-10-13,-0.371,83076.65
2006-10-16,-0.648,82538.59
2006-10-17,-0.511,82116.96
2006-10-18,0.577,82591.17
2006-10-19,-0.462,82209.58
2006-10-20,0.178,82355.88
2006-10-23,0.334,82630.99
2006-10-24,-0.16,82498.71
2006-10-25,-0.976,81693.83
2006-10-26,0.775,82326.63
2006-10-27,0.254,82535.75
2006-10-30,1.13,83468.11
2006-10-31,-0.573,82990.07
2006-11-01,0.047,83028.9
2006-11-02,0.528,83467.6
2006-11-03,-0.581,82982.37
2006-11-06,-0.052,82939.04
2006-11-07,0.445,83308.31
2006-11-08,-0.572,82831.7
2006-11-09,-0.98,82019.74
2006-11-10,0.254,82228.3
2006-11-13,0.196,82389.46
2006-11-14,0.334,82664.23
2006-11-15,-0.697,82088.2
2006-11-16,0.508,82504.89
2006-11-17,-0.015,82492.64
2006-11-20,0.322,82758.28
2006-11-21,-0.279,82527.12
2006-11-22,1.058,83400.39
2006-11-24,0.598,83899.23
2006-11-27,-0.219,83715.62
2006-11-28,-0.386,83392.29
2006-11-29,-1.08,82491.69
2006-11-30,0.743,83104.7
2006-12-01,0.393,83431.36
2006-12-04,0.641,83966
2006-12-05,0.113,84061.2
2006-12-06,-0.803,83386.4
2006-12-07,0.307,83642.4
2006-12-08,-0.479,83241.88
2006-12-11,0.976,84054.27
2006-12-12,0.224,84242.5
2006-12-13,-0.578,83755.82
2006-12-14,-0.322,83485.99
2006-12-15,-0.837,82786.9
2006-12-18,0.05,82828.55
2006-12-19,0.498,83241.36
2006-12-20,-0.13,83133.23
2006-12-21,0.708,83721.78
2006-12-22,0.313,83984.03
2006-12-26,1.272,85052
2006-12-27,-0.183,84896.16
2006-12-28,-0.068,84838.05
2006-12-29,-0.121,84735.22
2007-01-03,0.284,84976.19
2007-01-04,0.258,85195.08
2007-01-05,-0.626,84661.67
2007-01-08,-0.261,84440.95
2007-01-09,-0.317,84173.09
2007-01-10,0.106,84262.12
2007-01-11,1.782,85763.67
2007-01-12,0.653,86323.28
2007-01-16,0.647,86881.73
2007-01-17,0.734,87519.17
2007-01-18,0.671,88106.59
2007-01-19,-1.243,87011.47
2007-01-22,-0.192,86844.63
2007-01-23,-0.594,86328.87
2007-01-24,-0.838,85605.52
2007-01-25,0.76,86255.88
2007-01-26,-0.773,85589.55
2007-01-29,0.963,86413.55
2007-01-30,-1.683,84959.38
2007-01-31,-0.171,84813.98
2007-02-01,0.448,85193.95
2007-02-02,0.223,85383.71
2007-02-05,-0.145,85260.23
2007-02-06,-0.219,85073.67
2007-02-07,0.591,85576.19
2007-02-08,-0.612,85052.59
2007-02-09,-0.235,84852.73
2007-02-12,1.415,86053.08
2007-02-13,-0.898,85280.49
2007-02-14,0.467,85678.71
2007-02-15,-0.967,84850.61
2007-02-16,-0.134,84736.78
2007-02-20,0.748,85370.33
2007-02-21,-0.001,85369.28
2007-02-22,-0.655,84809.96
2007-02-23,-0.533,84357.68
2007-02-26,-0.103,84270.58
2007-02-27,-0.773,83618.8
2007-02-28,0.396,83949.66
2007-03-01,-1.162,82973.98
2007-03-02,-0.434,82613.79
2007-03-05,0.404,82947.95
2007-03-06,-0.42,82599.76
2007-03-07,0.186,82753.52
2007-03-08,0.21,82926.99
2007-03-09,0.644,83461.36
2007-03-12,0.337,83742.25
2007-03-13,-0.296,83494.57
2007-03-14,-0.367,83187.89
2007-03-15,0.196,83350.74
2007-03-16,0.083,83420.01
2007-03-19,0.207,83592.38
2007-03-20,0.349,83884.06
2007-03-21,0.181,84036.29
2007-03-22,-0.782,83379.52
2007-03-23,-0.488,82972.53
2007-03-26,-0.479,82575.11
2007-03-27,-0.378,82263.31
2007-03-28,-0.566,81797.87
2007-03-29,0.009,81805.64
2007-03-30,-0.579,81332
2007-04-02,0.516,81751.97
2007-04-03,-0.175,81609.14
2007-04-04,-0.142,81493.12
2007-04-05,-0.185,81342.29
2007-04-09,-0.362,81047.94
2007-04-10,-0.075,80987.54
2007-04-11,-0.453,80620.37
2007-04-12,-0.442,80263.77
2007-04-13,0.4,80584.94
2007-04-16,0.535,81016.32
2007-04-17,0.374,81319.32
2007-04-18,0.079,81383.52
2007-04-19,0.005,81387.78
2007-04-20,-0.184,81238.4
2007-04-23,-0.514,80820.76
2007-04-24,0.362,81113.32
2007-04-25,0.037,81143.57
2007-04-26,-0.328,80877.56
2007-04-27,0.118,80973.2
2007-04-30,0.27,81191.75
2007-05-01,0.591,81671.67
2007-05-02,0.11,81761.12
2007-05-03,-0.004,81757.96
2007-05-04,0.216,81934.92
2007-05-07,0.009,81942.21
2007-05-08,-0.456,81568.79
2007-05-09,-0.025,81548.21
2007-05-10,-0.55,81099.81
2007-05-11,0.576,81566.67
2007-05-14,-0.092,81491.48
2007-05-15,0.908,82231.44
2007-05-16,-0.279,82001.89
2007-05-17,-0.741,81394.45
2007-05-18,0.117,81490.04
2007-05-21,0.255,81697.86
2007-05-22,-0.528,81266.83
2007-05-23,0.221,81446.29
2007-05-24,-0.14,81332.51
2007-05-25,0.228,81517.81
2007-05-29,-0.167,81381.95
2007-05-30,0.303,81628.94
2007-05-31,0.731,82225.37
2007-06-01,0.59,82710.6
2007-06-04,-0.112,82617.87
2007-06-05,0.356,82912.33
2007-06-06,-0.527,82475.24
2007-06-07,0.647,83008.6
2007-06-08,0.05,83050.28
2007-06-11,0.623,83567.92
2007-06-12,0.257,83782.43
2007-06-13,0.514,84213.33
2007-06-14,0.194,84376.46
2007-06-15,0.381,84698.04
2007-06-18,-0.054,84652.46
2007-06-19,-0.629,84120.07
2007-06-20,0.702,84710.8
2007-06-21,-0.396,84375.03
2007-06-22,-0.291,84129.86
2007-06-25,-0.076,84065.61
2007-06-26,-0.077,84001.17
2007-06-27,-0.945,83207.17
2007-06-28,1.206,84210.97
2007-06-29,-0.227,84019.58
2007-07-02,0.374,84334.07
2007-07-03,-0.204,84161.67
2007-07-05,1.309,85263.51
2007-07-06,0.856,85993.33
2007-07-09,0.028,86017.31
2007-07-10,-0.757,85366.25
2007-07-11,0.013,85377.42
2007-07-12,0.759,86025.01
2007-07-13,-0.145,85900.06
2007-07-16,-0.893,85133.09
2007-07-17,-0.023,85113.22
2007-07-18,0.083,85183.77
2007-07-19,0.072,85245.15
2007-07-20,-0.566,84762.55
2007-07-23,-0.018,84747.33
2007-07-24,0.215,84929.52
2007-07-25,-0.613,84408.94
2007-07-26,-1.453,83182.67
2007-07-27,-0.731,82574.27
2007-07-30,-0.566,82106.49
2007-07-31,0.893,82840.04
2007-08-01,-0.911,82085.27
2007-08-02,0.89,82815.52
2007-08-03,-0.367,82511.21
2007-08-06,-0.901,81767.57
2007-08-07,0.124,81869.24
2007-08-08,1.152,82812.19
2007-08-09,-1.535,81541
2007-08-10,-0.439,81182.81
2007-08-13,0.057,81229.12
2007-08-14,-0.907,80492.27
2007-08-15,-0.683,79942.91
2007-08-16,-3.005,77540.33
2007-08-17,1.042,78348.3
2007-08-20,1.015,79143.46
2007-08-21,-0.601,78667.45
2007-08-22,1.183,79598.24
2007-08-23,0.788,80225.41
2007-08-24,1.383,81334.7
2007-08-27,0.331,81604.19
2007-08-28,-0.531,81171.16
2007-08-29,1.105,82067.77
2007-08-30,0.221,82248.75
2007-08-31,0.348,82534.88
2007-09-04,0.636,83060.11
2007-09-05,0.355,83355.18
2007-09-06,0.371,83664.41
2007-09-07,0.319,83931.11
2007-09-10,0.389,84257.6
2007-09-11,0.98,85083.52
2007-09-12,-0.054,85037.33
2007-09-13,0.365,85347.38
2007-09-14,-0.434,84976.98
2007-09-17,0.085,85048.87
2007-09-18,1.155,86031.23
2007-09-19,0.055,86078.73
2007-09-20,0.956,86902
2007-09-21,-0.067,86843.42
2007-09-24,0.08,86912.65
2007-09-25,-0.109,86817.91
2007-09-26,0.309,87086.55
2007-09-27,1.039,87991.6
2007-09-28,0.49,88422.44
2007-10-01,-0.198,88246.95
2007-10-02,-1.187,87199.36
2007-10-03,0.25,87417.23
2007-10-04,0.446,87807.43
2007-10-05,0.4,88158.87
2007-10-08,-0.884,87379.17
2007-10-09,-0.107,87286.02
2007-10-10,0.718,87912.61
2007-10-11,1.212,88978.07
2007-10-12,-0.153,88841.87
2007-10-15,0.037,88875.1
2007-10-16,-0.3,88608.35
2007-10-17,-0.224,88410.01
2007-10-18,0.726,89051.55
2007-10-19,0.117,89155.93
2007-10-22,-1.153,88128.05
2007-10-23,0.745,88785.01
2007-10-24,0.023,88805.46
2007-10-25,0.979,89675.05
2007-10-26,0.786,90380.26
2007-10-29,0.88,91176.03
2007-10-30,-0.755,90487.92
2007-10-31,1.318,91680.34
2007-11-01,-1.071,90698.07
2007-11-02,1.338,91911.71
2007-11-05,-0.107,91813.45
2007-11-06,1.327,93032.23
2007-11-07,0.756,93735.7
2007-11-08,-0.717,93063.49
2007-11-09,0.073,93131
2007-11-12,-1.848,91410.38
2007-11-13,-0.539,90917.5
2007-11-14,0.977,91806.1
2007-11-15,-0.439,91402.76
2007-11-16,0.506,91865.21
2007-11-19,0.414,92245.51
2007-11-20,1.642,93760.22
2007-11-21,0.29,94032.07
2007-11-23,0.602,94598.59
2007-11-26,0.416,94991.9
2007-11-27,-1.012,94030.94
2007-11-28,-0.639,93429.92
2007-11-29,0.068,93493.42
2007-11-30,-1.36,92222.24
2007-12-03,1.002,93146.32
2007-12-04,0.415,93532.73
2007-12-05,-1.214,92397.52
2007-12-06,0.039,92433.88
2007-12-07,-0.751,91739.75
2007-12-10,0.008,91747.35
2007-12-11,0.45,92159.95
2007-12-12,0.571,92686.1
2007-12-13,-0.688,92048.12
2007-12-14,-1.221,90924.3
2007-12-17,0.29,91187.7
2007-12-18,-0.264,90946.6
2007-12-19,0.386,91298.08
2007-12-20,-0.169,91143.75
2007-12-21,-0.111,91042.67
2007-12-24,0.158,91186.45
2007-12-26,1.142,92228.14
2007-12-27,0.621,92801.22
2007-12-28,0.277,93058.52
2007-12-31,-0.047,93014.85
2008-01-02,2.436,95280.25
2008-01-03,0.259,95527.31
2008-01-04,-0.137,95396.57
2008-01-07,-1.409,94052.29
2008-01-08,0.607,94623.42
2008-01-09,-0.431,94215.81
2008-01-10,-0.111,94111.16
2008-01-11,0.731,94799.06
2008-01-14,1.16,95898.94
2008-01-15,0.103,95997.27
2008-01-16,-0.928,95106.46
2008-01-17,0.375,95462.83
2008-01-18,-0.071,95394.98
2008-01-22,-0.489,94928.47
2008-01-23,-0.452,94499.85
2008-01-24,0.256,94742.05
2008-01-25,0.563,95275.3
2008-01-28,1.36,96570.65
2008-01-29,-0.708,95887.35
2008-01-30,0.53,96396.02
2008-01-31,0.176,96565.33
2008-02-01,0.297,96852.07
2008-02-04,0.275,97118.16
2008-02-05,-0.58,96554.86
2008-02-06,0.003,96557.42
2008-02-07,-0.576,96001.43
2008-02-08,0.004,96005.52
2008-02-11,1.841,97773.04
2008-02-12,-1.447,96358.43
2008-02-13,0.065,96421.22
2008-02-14,1.063,97446.12
2008-02-15,0.586,98016.75
2008-02-19,0.861,98860.76
2008-02-20,-0.336,98528.86
2008-02-21,0.602,99121.6
2008-02-22,0.142,99262.76
2008-02-25,0.37,99629.92
2008-02-26,1.957,101579.4
2008-02-27,0.8,102391.61
2008-02-28,1.53,103958.18
2008-02-29,0.505,104483.3
2008-03-03,1.262,105802.38
2008-03-04,-1.627,104080.52
2008-03-05,1.26,105391.75
2008-03-06,0.116,105513.56
2008-03-07,-0.422,105068.03
2008-03-10,1.005,106124.28
2008-03-11,-0.166,105947.8
2008-03-12,1.368,107397.32
2008-03-13,0.922,108387.25
2008-03-14,0.33,108744.71
2008-03-17,-1.797,106790.59
2008-03-18,0.539,107366.51
2008-03-19,-3.111,104026.57
2008-03-20,-2.05,101893.68
2008-03-24,-0.066,101826.02
2008-03-25,1.397,103248.62
2008-03-26,1.765,105071.24
2008-03-27,0.16,105239.3
2008-03-28,-0.749,104451.2
2008-03-31,-1.136,103264.26
2008-04-01,-2.525,100656.55
2008-04-02,1.977,102646.97
2008-04-03,0.008,102655.33
2008-04-04,1.299,103988.51
2008-04-07,-0.2,103780.64
2008-04-08,-0.305,103463.95
2008-04-09,2.481,106031.2
2008-04-10,-0.407,105600.13
2008-04-11,0.06,105663.38
2008-04-14,0.333,106015
2008-04-15,0.327,106361.2
2008-04-16,0.725,107132.26
2008-04-17,-1.324,105713.37
2008-04-18,-1.007,104648.43
2008-04-21,-0.084,104560.79
2008-04-22,1.032,105639.7
2008-04-23,-0.843,104749.55
2008-04-24,-2.468,102164.62
2008-04-25,-0.509,101644.69
2008-04-28,0.662,102317.62
2008-04-29,-1.257,101031.24
2008-04-30,0.383,101418.09
2008-05-01,-1.883,99508.58
2008-05-02,0.429,99935.5
2008-05-05,1.511,101446.01
2008-05-06,0.704,102160.51
2008-05-07,0.128,102291.15
2008-05-08,0.634,102939.94
2008-05-09,1.924,104920.08
2008-05-12,-0.766,104116.59
2008-05-13,-0.464,103633.88
2008-05-14,-1.091,102503.51
2008-05-15,0.265,102775.42
2008-05-16,1.188,103995.94
2008-05-19,-0.403,103576.6
2008-05-20,1.727,105364.91
2008-05-21,1.435,106876.86
2008-05-22,-1.286,105501.97
2008-05-23,1.086,106647.84
2008-05-27,-1.563,104980.41
2008-05-28,-0.04,104938.53
2008-05-29,-2.091,102743.9
2008-05-30,0.575,103334.88
2008-06-02,0.937,104303.15
2008-06-03,0.109,104417.16
2008-06-04,-0.393,104007.32
2008-06-05,1.074,105123.89
2008-06-06,2.51,107762.43
2008-06-09,-1.084,106593.85
2008-06-10,-1.715,104765.75
2008-06-11,1.245,106069.6
2008-06-12,-0.514,105523.9
2008-06-13,-0.231,105280.35
2008-06-16,0.139,105426.56
2008-06-17,-0.082,105340.14
2008-06-18,0.532,105901.06
2008-06-19,-0.813,105040.23
2008-06-20,0.551,105618.81
2008-06-23,-0.31,105291.06
2008-06-24,0.255,105559.62
2008-06-25,-0.316,105225.62
2008-06-26,1.571,106879.09
2008-06-27,0.601,107521.21
2008-06-30,0.153,107686.2
2008-07-01,0.353,108066.72
2008-07-02,1.158,109317.6
2008-07-03,-0.756,108491.27
2008-07-07,-1.579,106778.65
2008-07-08,-2.173,104458.58
2008-07-09,0.203,104670.24
2008-07-10,1.252,105980.71
2008-07-11,0.464,106472.03
2008-07-14,0.185,106668.64
2008-07-15,-1.303,105279.04
2008-07-16,-1.058,104165.61
2008-07-17,-1.934,102150.54
2008-07-18,-0.272,101872.45
2008-07-21,0.34,102219.28
2008-07-22,-1.604,100579.85
2008-07-23,-1.749,98820.33
2008-07-24,-0.212,98610.41
2008-07-25,-0.565,98053.69
2008-07-28,0.887,98923.23
2008-07-29,-1.33,97607.17
2008-07-30,0.36,97958.92
2008-07-31,-0.199,97763.56
2008-08-01,-0.651,97127.18
2008-08-04,-1.604,95569.43
2008-08-05,-1.537,94100.65
2008-08-06,-0.796,93351.15
2008-08-07,-0.119,93240.09
2008-08-08,-1.953,91419.5
2008-08-11,-1.074,90437.41
2008-08-12,-0.361,90110.68
2008-08-13,0.361,90435.96
2008-08-14,-0.345,90124.37
2008-08-15,-0.36,89800.17
2008-08-18,0.112,89900.73
2008-08-19,0.563,90406.7
2008-08-20,0.005,90410.92
2008-08-21,0.609,90961.92
2008-08-22,-0.564,90448.46
2008-08-25,0.473,90876.36
2008-08-26,0.339,91184.5
2008-08-27,0.318,91474.06
2008-08-28,-0.106,91377.02
2008-08-29,-0.065,91317.7
2008-09-02,0.63,91892.9
2008-09-03,-0.28,91636.04
2008-09-04,0.054,91685.38
2008-09-05,0.556,92195.04
2008-09-08,0.001,92195.73
2008-09-09,-0.184,92025.69
2008-09-10,0.495,92481.48
2008-09-11,0.189,92656.69
2008-09-12,-2.012,90792.28
2008-09-15,0.222,90993.43
2008-09-16,0.725,91653.31
2008-09-17,-1.988,89831.17
2008-09-18,-0.132,89712.46
2008-09-19,-2.714,87277.74
2008-09-22,-2.987,84670.53
2008-09-23,0.562,85146.46
2008-09-24,1.117,86097.19
2008-09-25,-0.516,85653.13
2008-09-26,0.952,86468.54
2008-09-29,4.696,90529.23
2008-09-30,0.682,91146.7
2008-10-01,0.429,91537.29
2008-10-02,4.467,95626.12
2008-10-03,0.406,96013.94
2008-10-06,7.758,103462.78
2008-10-07,-1.623,101783.21
2008-10-08,0.66,102455.38
2008-10-09,-0.815,101620.71
2008-10-10,4.96,106660.9
2008-10-13,-3.473,102956.72
2008-10-14,-0.458,102485.2
2008-10-15,3.328,105896.27
2008-10-16,1.273,107243.93
2008-10-17,-1.686,105435.47
2008-10-20,0.057,105495.92
2008-10-21,2.102,107713.9
2008-10-22,4.553,112617.75
2008-10-23,1.185,113952.69
2008-10-24,2.769,117107.98
2008-10-27,0.057,117174.5
2008-10-28,-1.384,115552.88
2008-10-29,-4.721,110098.01
2008-10-30,0.662,110827.04
2008-10-31,-0.078,110740.62
2008-11-03,0.707,111523.24
2008-11-04,-5.259,105658
2008-11-05,3.784,109655.66
2008-11-06,5.026,115167.21
2008-11-07,0.027,115197.92
2008-11-10,-0.989,114058.98
2008-11-11,3.573,118134.85
2008-11-12,3.378,122125.55
2008-11-13,-0.923,120998.39
2008-11-14,-1.114,119650.78
2008-11-17,1.497,121442.51
2008-11-18,1.764,123584.73
2008-11-19,0.836,124617.37
2008-11-20,4.752,130539.26
2008-11-21,-0.251,130212.1
2008-11-24,-5.673,122825.28
2008-11-25,1.587,124774.34
2008-11-26,-0.403,124271.79
2008-11-28,0.785,125247.4
2008-12-01,5.018,131531.95
2008-12-02,2.077,134263.87
2008-12-03,1.467,136233.63
2008-12-04,2.563,139725.86
2008-12-05,2.674,143462.43
2008-12-08,-4.647,136795.06
2008-12-09,1.451,138780.46
2008-12-10,-2.084,135887.8
2008-12-11,-2.968,131855.06
2008-12-12,0.865,132995.72
2008-12-15,-0.153,132792.5
2008-12-16,-1.869,130310.37
2008-12-17,0.015,130330.46
2008-12-18,1.631,132455.99
2008-12-19,2.369,135593.22
2008-12-22,0.358,136079.07
2008-12-23,-0.264,135720.25
2008-12-24,0.422,136292.43
2008-12-26,-2.316,133135.51
2008-12-29,0.507,133811.09
2008-12-30,0.079,133916.73
2008-12-31,-3.36,129417.32
2009-01-02,-1.965,126874.87
2009-01-05,-2.233,124041.77
2009-01-06,-3.269,119986.67
2009-01-07,4.127,124938.88
2009-01-08,1.223,126466.69
2009-01-09,0.799,127477.36
2009-01-12,5.101,133979.55
2009-01-13,0.817,135074.24
2009-01-14,1.696,137364.69
2009-01-15,-0.234,137042.83
2009-01-16,-2.028,134263.68
2009-01-20,3.14,138479.41
2009-01-21,-1.243,136758.51
2009-01-22,0.448,137371.86
2009-01-23,-2.514,133918.89
2009-01-26,-1.724,131609.68
2009-01-27,2.168,134462.73
2009-01-28,-1.527,132409.24
2009-01-29,0.426,132973.59
2009-01-30,0.227,133275.58
2009-02-02,2.533,136651.53
2009-02-03,-1.809,134179.99
2009-02-04,-0.097,134050.42
2009-02-05,-1.691,131783.56
2009-02-06,-2.09,129029.01
2009-02-09,-0.647,128193.6
2009-02-10,4.246,133637.31
2009-02-11,1.405,135514.53
2009-02-12,2.501,138903.89
2009-02-13,-1.726,136506.24
2009-02-17,6.017,144719.56
2009-02-18,0.729,145774.17
2009-02-19,-2.296,142427.28
2009-02-20,1.021,143880.96
2009-02-23,0.308,144324.71
2009-02-24,-2.095,141301.71
2009-02-25,-0.749,140244.05
2009-02-26,-2.573,136635.93
2009-02-27,1.255,138350.37
2009-03-02,4.708,144863.71
2009-03-03,-1.744,142337.16
2009-03-04,-3.737,137018.19
2009-03-05,4.191,142760.3
2009-03-06,-0.236,142424.04
2009-03-09,0.506,143144.07
2009-03-10,-0.924,141821.23
2009-03-11,1.63,144133.54
2009-03-12,-2.125,141070.69
2009-03-13,0.084,141189.54
2009-03-16,-2.231,138040.11
2009-03-17,-1.458,136026.98
2009-03-18,0.334,136481.58
2009-03-19,-3.51,131690.67
2009-03-20,-0.136,131511.16
2009-03-23,-2.958,127621.09
2009-03-24,-1.003,126340.52
2009-03-25,1.594,128354.22
2009-03-26,-0.237,128049.47
2009-03-27,2.859,131709.83
2009-03-30,4.172,137204.63
2009-03-31,-3.054,133014.64
2009-04-01,1.09,134464.21
2009-04-02,-5.463,127118.53
2009-04-03,-2.255,124252.63
2009-04-06,1.03,125532.4
2009-04-07,1.633,127581.83
2009-04-08,0.487,128203.38
2009-04-09,-1.357,126463.48
2009-04-13,-1.105,125066.05
2009-04-14,0.371,125530.36
2009-04-15,0.433,126073.53
2009-04-16,-0.246,125763.05
2009-04-17,-0.449,125198.67
2009-04-20,5.667,132294.06
2009-04-21,-1.125,130805.63
2009-04-22,-0.713,129872.59
2009-04-23,-0.774,128866.85
2009-04-24,-1.697,126679.35
2009-04-27,3.176,130703.15
2009-04-28,-0.347,130249.84
2009-04-29,-2.932,126430.6
2009-04-30,-1.074,125072.61
2009-05-01,-2.902,121442.61
2009-05-04,-1.437,119698.07
2009-05-05,0.726,120567.43
2009-05-06,-2.718,117290.51
2009-05-07,-1.379,115673.57
2009-05-08,-3.53,111589.89
2009-05-11,1.587,113360.98
2009-05-12,-0.758,112501.82
2009-05-13,2.09,114853.3
2009-05-14,-0.697,114052.52
2009-05-15,2.644,117067.8
2009-05-18,-2.606,114016.67
2009-05-19,-1.02,112854.15
2009-05-20,-1.849,110767.41
2009-05-21,0.992,111866.13
2009-05-22,-1.874,109769.62
2009-05-26,-0.839,108848.49
2009-05-27,-1.391,107334.88
2009-05-28,-1.933,105260.12
2009-05-29,-0.256,104990.31
2009-06-01,-3.782,101019.51
2009-06-02,0.001,101020.67
2009-06-03,2.646,103694.17
2009-06-04,-1.818,101809.05
2009-06-05,-0.679,101117.64
2009-06-08,0.631,101755.33
2009-06-09,-0.629,101114.99
2009-06-10,-0.657,100450.47
2009-06-11,-0.552,99895.88
2009-06-12,0.331,100226.09
2009-06-15,-0.221,100004.39
2009-06-16,0.6,100604.77
2009-06-17,0.511,101118.67
2009-06-18,-0.308,100807.72
2009-06-19,1.281,102099.34
2009-06-22,0.82,102936.25
2009-06-23,0.659,103614.56
2009-06-24,-0.077,103534.9
2009-06-25,0.121,103660.07
2009-06-26,0.695,104380.79
2009-06-29,-0.425,103937.63
2009-06-30,0.79,104758.35
2009-07-01,0.819,105616.07
2009-07-02,0.835,106498.23
2009-07-06,0.965,107526.34
2009-07-07,-0.182,107331.11
2009-07-08,0.982,108385.2
2009-07-09,0.225,108629.21
2009-07-10,0.177,108821.15
2009-07-13,0.174,109010.49
2009-07-14,-0.659,108292.19
2009-07-15,0.036,108330.93
2009-07-16,-0.467,107824.89
2009-07-17,-1.143,106592.41
2009-07-20,0.462,107085.31
2009-07-21,0.34,107449.56
2009-07-22,0.14,107600.35
2009-07-23,-1.525,105959.51
2009-07-24,0.108,106074.24
2009-07-27,-0.12,105947.11
2009-07-28,0.699,106687.72
2009-07-29,0.154,106851.49
2009-07-30,-0.701,106102.91
2009-07-31,1.259,107438.84
2009-08-03,-0.9,106471.94
2009-08-04,0.303,106795
2009-08-05,0.329,107146.25
2009-08-06,0.786,107988.51
2009-08-07,-0.139,107838.65
2009-08-10,-0.248,107571.5
2009-08-11,0.499,108107.78
2009-08-12,1.187,109391.2
2009-08-13,0.597,110044.79
2009-08-14,-0.047,109993.14
2009-08-17,-0.195,109778.25
2009-08-18,0.201,109998.4
2009-08-19,0.611,110670.84
2009-08-20,0.116,110799.42
2009-08-21,1.009,111917.93
2009-08-24,-0.282,111601.97
2009-08-25,0.45,112104.35
2009-08-26,-0.434,111617.64
2009-08-27,0.895,112617.16
2009-08-28,0.697,113401.61
2009-08-31,0.159,113581.48
2009-09-01,-0.285,113257.92
2009-09-02,0.779,114140.33
2009-09-03,0.302,114484.52
2009-09-04,0.255,114776.38
2009-09-08,0.542,115398.51
2009-09-09,-0.363,114979.84
2009-09-10,0.292,115316.03
2009-09-11,0.634,116046.94
2009-09-14,-0.415,115565.01
2009-09-15,-0.589,114884.27
2009-09-16,0.317,115248.14
2009-09-17,0.391,115699.24
2009-09-18,-1.135,114386.22
2009-09-21,-0.296,114048.19
2009-09-22,0.76,114915.48
2009-09-23,-0.482,114361.03
2009-09-24,-1.43,112726.03
2009-09-25,0.9,113741.1
2009-09-28,0.122,113879.78
2009-09-29,0.273,114191.02
2009-09-30,0.934,115257.19
2009-10-01,-0.02,115234.21
2009-10-02,-0.056,115169.27
2009-10-05,0.66,115928.91
2009-10-06,0.356,116342.08
2009-10-07,-0.313,115977.39
2009-10-08,0.652,116733.2
2009-10-09,-1.57,114900.41
2009-10-12,0.118,115036.36
2009-10-13,0.638,115770.32
2009-10-14,0.268,116081.06
2009-10-15,0.409,116555.87
2009-10-16,-0.255,116259.08
2009-10-19,0.336,116649.95
2009-10-20,-0.566,115989.7
2009-10-21,0.569,116649.99
2009-10-22,-0.903,115596.36
2009-10-23,-0.455,115069.95
2009-10-26,-0.493,114503.17
2009-10-27,1.002,115650.07
2009-10-28,-1.031,114457.62
2009-10-29,1.494,116167.42
2009-10-30,-0.752,115293.73
2009-11-02,0.303,115642.62
2009-11-03,0.366,116066.34
2009-11-04,0.845,117046.53
2009-11-05,-0.956,115927.03
2009-11-06,-0.034,115887.5
2009-11-09,1.303,117397.99
2009-11-10,0.158,117583.05
2009-11-11,0.294,117928.46
2009-11-12,-0.831,116948.05
2009-11-13,0.148,117121.69
2009-11-16,1.561,118949.87
2009-11-17,-0.277,118620.96
2009-11-18,0.635,119374.45
2009-11-19,-0.87,118335.36
2009-11-20,-0.534,117703.97
2009-11-23,0.829,118679.66
2009-11-24,0.224,118944.98
2009-11-25,1.23,120408.36
2009-11-27,-1.245,118909.18
2009-11-30,0.995,120092.66
2009-12-01,1.533,121933.31
2009-12-02,-0.461,121371.17
2009-12-03,0.21,121625.5
2009-12-04,-2.731,118304.27
2009-12-07,-0.21,118055.62
2009-12-08,-1.091,116767.05
2009-12-09,-0.114,116633.95
2009-12-10,-0.735,115777.23
2009-12-11,-0.742,114918.7
2009-12-14,0.552,115553.61
2009-12-15,-1.292,114060.69
2009-12-16,1.188,115416.11
2009-12-17,-1.107,114138.29
2009-12-18,-0.049,114082.04
2009-12-21,-1.312,112585.77
2009-12-22,-0.566,111948.7
2009-12-23,0.851,112901.78
2009-12-24,0.991,114020.66
2009-12-28,-0.087,113921.76
2009-12-29,0.117,114054.92
2009-12-30,0.252,114342.48
2009-12-31,0.382,114779.03
2010-01-04,0.972,115895.16
2010-01-05,0.527,116506.36
2010-01-06,0.287,116840.28
2010-01-07,-0.645,116086.39
2010-01-08,0.388,116537.23
2010-01-11,0.598,117233.83
2010-01-12,-0.651,116470.85
2010-01-13,0.15,116645.86
2010-01-14,0.439,117157.65
2010-01-15,-1.26,115681.29
2010-01-19,0.973,116806.83
2010-01-20,-1.565,114979.33
2010-01-21,-0.944,113893.77
2010-01-22,-0.809,112972.12
2010-01-25,0.858,113941.85
2010-01-26,-0.269,113634.95
2010-01-27,-0.885,112629.66
2010-01-28,-0.129,112484.31
2010-01-29,-0.748,111643.26
2010-02-01,0.178,111842.03
2010-02-02,0.816,112754.85
2010-02-03,-0.653,112018.76
2010-02-04,-2.171,109586.9
2010-02-05,-1.445,108003.71
2010-02-08,0.508,108552.68
2010-02-09,1.309,109973.92
2010-02-10,-0.509,109414.44
2010-02-11,1.227,110756.55
2010-02-12,-0.494,110209.56
2010-02-16,1.523,111887.69
2010-02-17,-0.397,111443.31
2010-02-18,1.013,112572.31
2010-02-19,0.26,112865.41
2010-02-22,-0.585,112204.81
2010-02-23,-0.185,111997.14
2010-02-24,0.112,112123.08
2010-02-25,-0.113,111996.39
2010-02-26,0.625,112696.25
2010-03-01,0.409,113157.44
2010-03-02,0.697,113945.61
2010-03-03,-0.221,113693.28
2010-03-04,0.124,113833.92
2010-03-05,0.393,114280.73
2010-03-08,-0.063,114208.43
2010-03-09,0.034,114246.74
2010-03-10,-0.314,113888.52
2010-03-11,-0.031,113853.62
2010-03-12,-0.484,113302.44
2010-03-15,-0.12,113166.81
2010-03-16,0.388,113606
2010-03-17,0.32,113969.18
2010-03-18,0.356,114374.74
2010-03-19,-0.468,113839.17
2010-03-22,0.201,114067.92
2010-03-23,0.33,114444.37
2010-03-24,-0.945,113362.68
2010-03-25,0.28,113680.4
2010-03-26,-0.29,113351.27
2010-03-29,0.975,114455.93
2010-03-30,-0.058,114389.09
2010-03-31,1.157,115713.09
2010-04-01,0.083,115809.63
2010-04-05,0.187,116026.56
2010-04-06,0.358,116442.39
2010-04-07,-0.264,116134.98
2010-04-08,0.532,116752.47
2010-04-09,-0.711,115922.86
2010-04-12,-0.425,115429.91
2010-04-13,-0.496,114857.39
2010-04-14,-0.096,114747.04
2010-04-15,0.512,115335.03
2010-04-16,-0.419,114852.27
2010-04-19,0.112,114980.34
2010-04-20,0.375,115411.89
2010-04-21,0.102,115529.54
2010-04-22,-0.159,115345.65
2010-04-23,0.411,115819.27
2010-04-26,0.195,116045.18
2010-04-27,-0.028,116013.02
2010-04-28,0.727,116856.67
2010-04-29,0.271,117172.79
2010-04-30,0.239,117452.34
2010-05-03,0.512,118053.92
2010-05-04,-0.779,117134.04
2010-05-05,-0.237,116856.82
2010-05-06,-0.809,115911.71
2010-05-07,0.104,116031.99
2010-05-10,0.435,116536.37
2010-05-11,0.396,116997.76
2010-05-12,-0.297,116650.01
2010-05-13,0.403,117119.72
2010-05-14,0.144,117288.45
2010-05-17,-0.998,116117.73
2010-05-18,0.21,116361.89
2010-05-19,-0.608,115654.91
2010-05-20,-0.882,114634.91
2010-05-21,-0.156,114456.53
2010-05-24,1.1,115715.15
2010-05-25,0.286,116046.41
2010-05-26,-0.138,115886.3
2010-05-27,-0.653,115129.8
2010-05-28,1.096,116392.07
2010-06-01,0.244,116676.35
2010-06-02,0.222,116935.84
2010-06-03,-1.058,115699.15
2010-06-04,1.371,117285.85
2010-06-07,0.161,117474.73
2010-06-08,0.217,117729.32
2010-06-09,-1.003,116548.39
2010-06-10,-1.372,114949.13
2010-06-11,0.291,115283.33
2010-06-14,-2.103,112859
2010-06-15,-0.977,111756.45
2010-06-16,-0.137,111603.65
2010-06-17,0.095,111709.89
2010-06-18,0.047,111762.64
2010-06-21,-0.32,111404.47
2010-06-22,1.036,112558.97
2010-06-23,0.3,112897.18
2010-06-24,0.165,113083.76
2010-06-25,-0.873,112096.38
2010-06-28,0.999,113215.76
2010-06-29,1.802,115255.54
2010-06-30,-1.163,113915.15
2010-07-01,-1.024,112748.94
2010-07-02,-0.469,112219.67
2010-07-06,0.068,112295.72
2010-07-07,-1.566,110537.39
2010-07-08,-0.903,109538.93
2010-07-09,0.511,110099.04
2010-07-12,0.491,110639.76
2010-07-13,-1.059,109467.62
2010-07-14,-0.263,109179.22
2010-07-15,-1.334,107723.11
2010-07-16,0.867,108657.55
2010-07-19,-0.105,108543.12
2010-07-20,0.141,108696.03
2010-07-21,0.322,109045.89
2010-07-22,-1.626,107273
2010-07-23,-0.495,106741.49
2010-07-26,-0.245,106479.56
2010-07-27,-0.413,106039.75
2010-07-28,-0.278,105744.95
2010-07-29,-0.45,105268.75
2010-07-30,0.512,105808.24
2010-08-02,-0.492,105288.13
2010-08-03,0.498,105812.52
2010-08-04,-0.1,105706.56
2010-08-05,1.33,107112.49
2010-08-06,0.286,107418.75
2010-08-09,0.156,107586.47
2010-08-10,-0.164,107410.05
2010-08-11,1.064,108552.38
2010-08-12,0.407,108994.31
2010-08-13,-0.059,108930.21
2010-08-16,0.864,109871.33
2010-08-17,-0.457,109369.53
2010-08-18,0.272,109666.6
2010-08-19,0.511,110226.85
2010-08-20,-0.073,110146.68
2010-08-23,0.458,110651.24
2010-08-24,0.549,111258.6
2010-08-25,-0.368,110848.99
2010-08-26,0.578,111489.3
2010-08-27,-0.555,110870.18
2010-08-30,0.717,111665.09
2010-08-31,0.415,112128.46
2010-09-01,-0.603,111452.14
2010-09-02,-0.119,111319.17
2010-09-03,-0.025,111290.94
2010-09-07,1.001,112405.42
2010-09-08,-0.807,111498.45
2010-09-09,-0.147,111335.02
2010-09-10,-0.927,110302.81
2010-09-13,0.407,110752.27
2010-09-14,0.783,111619.86
2010-09-15,-0.915,110598.07
2010-09-16,-0.437,110114.41
2010-09-17,1.372,111624.89
2010-09-20,-0.018,111604.67
2010-09-21,0.326,111968.43
2010-09-22,1.178,113286.86
2010-09-23,-0.028,113255.49
2010-09-24,0.386,113692.2
2010-09-27,0.798,114599.22
2010-09-28,0.143,114763.28
2010-09-29,-0.565,114115.15
2010-09-30,-1.229,112712.19
2010-10-01,-1.343,111199
2010-10-04,0.223,111446.98
2010-10-05,0.823,112363.66
2010-10-06,0.286,112684.91
2010-10-07,0.858,113652.08
2010-10-08,2.536,116534.5
2010-10-11,0.499,117115.66
2010-10-12,1.049,118344.43
2010-10-13,-0.225,118078.73
2010-10-14,0.253,118377.13
2010-10-15,-0.567,117705.56
2010-10-18,0.161,117894.81
2010-10-19,-1.522,116100.38
2010-10-20,1.59,117946.18
2010-10-21,-0.733,117081.08
2010-10-22,-0.328,116696.62
2010-10-25,1.245,118148.95
2010-10-26,-1.443,116443.72
2010-10-27,-0.947,115341.35
2010-10-28,1.142,116658.95
2010-10-29,0.427,117157.38
2010-11-01,0.342,117558.07
2010-11-02,0.788,118484.8
2010-11-03,0.286,118824.12
2010-11-04,2.817,122171.88
2010-11-05,-0.46,121610.36
2010-11-08,-0.556,120934.77
2010-11-09,-0.426,120419.54
2010-11-10,-0.484,119836.99
2010-11-11,-1.137,118474.38
2010-11-12,-2.686,115292.75
2010-11-15,-0.51,114704.29
2010-11-16,-2.964,111304.64
2010-11-17,-0.315,110954.12
2010-11-18,1.224,112312.37
2010-11-19,-1.303,110848.97
2010-11-22,0.075,110932.45
2010-11-23,-0.048,110879.13
2010-11-24,0.264,111171.7
2010-11-26,-0.97,110093.27
2010-11-29,0.45,110588.8
2010-11-30,0.199,110808.42
2010-12-01,1.204,112142.95
2010-12-02,0.237,112408.79
2010-12-03,2.023,114682.68
2010-12-06,0.187,114896.84
2010-12-07,-1.711,112930.87
2010-12-08,-0.801,112025.74
2010-12-09,0.517,112605.12
2010-12-10,-0.194,112386.37
2010-12-13,1.639,114228.66
2010-12-14,-0.526,113627.5
2010-12-15,-0.879,112628.47
2010-12-16,0.179,112830.62
2010-12-17,1.298,114295.42
2010-12-20,0.654,115042.67
2010-12-21,0.739,115892.3
2010-12-22,0.501,116473.18
2010-12-23,0.628,117205.16
2010-12-27,0.013,117219.97
2010-12-28,0.758,118108.67
2010-12-29,0.348,118520.01
2010-12-30,-1.127,117184.37
2010-12-31,1.952,119472.37
2011-01-03,-0.705,118629.85
2011-01-04,-2.258,115951.02
2011-01-05,0.264,116256.74
2011-01-06,-1.039,115048.82
2011-01-07,0.143,115213.39
2011-01-10,0.74,116066.08
2011-01-11,0.104,116186.74
2011-01-12,0.99,117336.91
2011-01-13,0.415,117823.8
2011-01-14,-0.53,117199.26
2011-01-18,0.526,117815.54
2011-01-19,-0.211,117566.68
2011-01-20,-1.589,115699.13
2011-01-21,0.827,116656.02
2011-01-24,0.333,117044.21
2011-01-25,-0.712,116211.3
2011-01-26,1.173,117574.59
2011-01-27,0.261,117881.34
2011-01-28,0.648,118644.95
2011-01-31,0.887,119697.25
2011-02-01,0.995,120888.79
2011-02-02,0.016,120908.51
2011-02-03,-0.927,119787.28
2011-02-04,-0.712,118934.57
2011-02-07,0.12,119077.59
2011-02-08,-0.322,118694.31
2011-02-09,0.955,119827.77
2011-02-10,-0.976,118658.66
2011-02-11,-0.316,118283.98
2011-02-14,0.293,118630.28
2011-02-15,-0.872,117595.66
2011-02-16,0.829,118570.75
2011-02-17,0.853,119581.78
2011-02-18,0.009,119592.38
2011-02-22,-1.616,117660.14
2011-02-23,0.924,118747.51
2011-02-24,0.458,119290.92
2011-02-25,1.174,120690.89
2011-02-28,0.505,121300.88
2011-03-01,0.598,122026.64
2011-03-02,1.024,123276.29
2011-03-03,0.546,123949.24
2011-03-04,-0.162,123747.88
2011-03-07,-1.004,122505.74
2011-03-08,-0.467,121933.34
2011-03-09,-0.259,121617.54
2011-03-10,-1.767,119468.77
2011-03-11,-0.233,119190.62
2011-03-14,-0.25,118893.17
2011-03-15,-3.299,114970.96
2011-03-16,-0.243,114691.65
2011-03-17,2.594,117667
2011-03-18,0.832,118646.12
2011-03-21,0.803,119599.1
2011-03-22,0.321,119983.06
2011-03-23,-0.595,119269.11
2011-03-24,0.866,120301.65
2011-03-25,-0.819,119316.61
2011-03-28,-0.652,118538.28
2011-03-29,0.302,118896.17
2011-03-30,0.068,118976.64
2011-03-31,1.267,120484.54
2011-04-01,0.361,120919.45
2011-04-04,0.58,121620.99
2011-04-05,0.166,121822.8
2011-04-06,0.385,122292.23
2011-04-07,0.133,122454.67
2011-04-08,1.356,124115.1
2011-04-11,-0.539,123446.58
2011-04-12,-1.151,122025.13
2011-04-13,-0.055,121957.92
2011-04-14,0.227,122235.23
2011-04-15,0.054,122300.82
2011-04-18,-0.614,121549.34
2011-04-19,0.227,121825.59
2011-04-20,1.496,123647.85
2011-04-21,0.771,124601.51
2011-04-25,0.066,124683.84
2011-04-26,0.093,124799.32
2011-04-27,0.079,124897.41
2011-04-28,-0.698,124025.61
2011-04-29,1.045,125321.79
2011-05-02,-0.76,124369.86
2011-05-03,-0.846,123317.78
2011-05-04,-0.779,122357.48
2011-05-05,-3.417,118176.94
2011-05-06,-0.85,117172.16
2011-05-09,2.1,119632.33
2011-05-10,0.594,120343.49
2011-05-11,-2.731,117056.66
2011-05-12,0.03,117092.02
2011-05-13,-0.604,116385.27
2011-05-16,-0.12,116245.62
2011-05-17,0.504,116831.15
2011-05-18,1.115,118134.33
2011-05-19,-0.068,118053.43
2011-05-20,0.538,118688.29
2011-05-23,-1.778,116577.59
2011-05-24,0.598,117274.2
2011-05-25,0.915,118346.86
2011-05-26,0.964,119487.65
2011-05-27,0.956,120629.8
2011-05-31,-0.009,120618.74
2011-06-01,0.115,120757.3
2011-06-02,0.251,121060.94
2011-06-03,0.901,122152.12
2011-06-06,-0.885,121071.26
2011-06-07,0.561,121750.32
2011-06-08,0.226,122025.51
2011-06-09,0.344,122445.68
2011-06-10,-0.486,121851.08
2011-06-13,0.133,122013.6
2011-06-14,-0.208,121760.41
2011-06-15,-1.894,119454.58
2011-06-16,0.409,119942.62
2011-06-17,0.311,120315.48
2011-06-20,-0.117,120174.11
2011-06-21,0.27,120498.91
2011-06-22,0.214,120756.26
2011-06-23,-1.029,119514.19
2011-06-24,-0.187,119290.55
2011-06-27,-0.272,118965.55
2011-06-28,0.598,119676.7
2011-06-29,0.642,120445.47
2011-06-30,-0.116,120305.46
2011-07-01,-0.189,120077.49
2011-07-05,0.442,120608.69
2011-07-06,0.559,121282.73
2011-07-07,1.198,122736.13
2011-07-08,1.083,124064.93
2011-07-11,0.251,124376.76
2011-07-12,0.78,125346.96
2011-07-13,0.694,126216.61
2011-07-14,-0.349,125775.51
2011-07-15,0.51,126416.64
2011-07-18,-0.244,126108.13
2011-07-19,0.288,126471.83
2011-07-20,-0.082,126367.75
2011-07-21,0.261,126697.61
2011-07-22,0.887,127820.9
2011-07-25,0.229,128113.75
2011-07-26,1.159,129598.24
2011-07-27,-0.154,129398.77
2011-07-28,-0.015,129378.95
2011-07-29,1.31,131074.24
2011-08-01,-0.125,130910.89
2011-08-02,0.591,131684.59
2011-08-03,-0.176,131452.85
2011-08-04,-1.361,129664.22
2011-08-05,-0.153,129465.33
2011-08-08,-0.047,129403.97
2011-08-09,0.799,130438.01
2011-08-10,1.304,132139.04
2011-08-11,-0.862,130999.63
2011-08-12,-0.145,130809.09
2011-08-15,0.665,131679
2011-08-16,0.221,131969.92
2011-08-17,1.53,133989.59
2011-08-18,0.084,134101.74
2011-08-19,0.599,134905.14
2011-08-22,0.083,135017.46
2011-08-23,-0.189,134762.74
2011-08-24,-1.24,133091.2
2011-08-25,-0.1,132958.69
2011-08-26,0.849,134087.08
2011-08-29,-0.185,133838.76
2011-08-30,0.67,134734.94
2011-08-31,-0.729,133752.33
2011-09-01,0.463,134370.95
2011-09-02,0.969,135673.22
2011-09-06,-1.688,133383.48
2011-09-07,-0.004,133378.75
2011-09-08,-0.489,132726.65
2011-09-09,0.277,133094.07
2011-09-12,-0.46,132482.36
2011-09-13,-0.025,132448.87
2011-09-14,-0.28,132078.47
2011-09-15,-0.247,131752.34
2011-09-16,-0.083,131642.98
2011-09-19,0.206,131914.71
2011-09-20,0.123,132076.43
2011-09-21,-0.58,131309.9
2011-09-22,-0.495,130660.56
2011-09-23,-1.111,129208.75
2011-09-26,-0.911,128031.48
2011-09-27,-0.458,127445.34
2011-09-28,-0.02,127419.92
2011-09-29,0.013,127436.07
2011-09-30,0.617,128221.81
2011-10-03,0.63,129029.59
2011-10-04,0.412,129560.71
2011-10-05,-0.879,128421.41
2011-10-06,-0.893,127274.69
2011-10-07,-0.504,126633.49
2011-10-10,-1.052,125301.05
2011-10-11,-0.509,124663.68
2011-10-12,-0.826,123634.21
2011-10-13,1.251,125180.35
2011-10-14,-1.389,123442.04
2011-10-17,1.33,125083.43
2011-10-18,0.374,125551.4
2011-10-19,-0.007,125542.94
2011-10-20,-0.154,125349.18
2011-10-21,-1.158,123897.28
2011-10-24,-1.211,122396.95
2011-10-25,0.736,123297.73
2011-10-26,0.343,123720.19
2011-10-27,-3.228,119726.68
2011-10-28,-0.251,119426.62
2011-10-31,1.115,120758.19
2011-11-01,2.766,124097.88
2011-11-02,-0.143,123920.08
2011-11-03,-0.723,123023.88
2011-11-04,0.587,123745.85
2011-11-07,0.679,124586.23
2011-11-08,-0.445,124031.45
2011-11-09,1.017,125293.36
2011-11-10,0.072,125383.08
2011-11-11,-0.579,124656.65
2011-11-14,0.484,125259.86
2011-11-15,0.078,125357.63
2011-11-16,0.087,125466.44
2011-11-17,-0.16,125266
2011-11-18,-0.452,124699.62
2011-11-21,0.442,125250.82
2011-11-22,0.12,125401.14
2011-11-23,0.14,125576.25
2011-11-25,-0.983,124341.48
2011-11-28,-0.141,124165.97
2011-11-29,-0.603,123417.8
2011-11-30,-0.347,122989.51
2011-12-01,-0.048,122930.92
2011-12-02,0.387,123407.04
2011-12-05,0.166,123611.9
2011-12-06,0.029,123647.31
2011-12-07,0.828,124671.56
2011-12-08,0.578,125391.75
2011-12-09,-0.171,125177.15
2011-12-12,1.05,126491.34
2011-12-13,0.484,127103.13
2011-12-14,1.396,128877.04
2011-12-15,-0.389,128375.49
2011-12-16,0.128,128539.53
2011-12-19,-0.458,127950.52
2011-12-20,-1.393,126167.54
2011-12-21,-0.233,125873.2
2011-12-22,-0.458,125296.96
2011-12-23,-0.44,124746.21
2011-12-27,-0.496,124127.56
2011-12-28,0.96,125318.8
2011-12-29,0.498,125942.62
2011-12-30,-0.158,125743.29
2012-01-03,-1.693,123614.6
2012-01-04,0.22,123886.44
2012-01-05,1.948,126299.52
2012-01-06,0.311,126692.81
2012-01-09,-0.412,126170.58
2012-01-10,-0.483,125561.4
2012-01-11,1.302,127196.19
2012-01-12,0.409,127715.96
2012-01-13,1.036,129038.69
2012-01-17,-0.109,128897.65
2012-01-18,-0.322,128482.85
2012-01-19,-1.249,126878.67
2012-01-20,-0.589,126131.54
2012-01-23,-1.532,124199.04
2012-01-24,-0.629,123418.03
2012-01-25,-0.043,123364.72
2012-01-26,0.46,123932.23
2012-01-27,0.265,124260.61
2012-01-30,1.197,125748.25
2012-01-31,0.485,126358.26
2012-02-01,-0.594,125607.71
2012-02-02,-0.358,125158.23
2012-02-03,-0.817,124135.57
2012-02-06,-0.052,124070.99
2012-02-07,-0.237,123777.32
2012-02-08,0.033,123818.75
2012-02-09,-0.432,123284.1
2012-02-10,1.083,124619.13
2012-02-13,-0.061,124543.33
2012-02-14,0.317,124938.13
2012-02-15,0.808,125948.21
2012-02-16,-0.896,124820.33
2012-02-17,-1.013,123555.31
2012-02-21,0.011,123568.46
2012-02-22,0.234,123857.49
2012-02-23,0.257,124175.21
2012-02-24,-0.249,123866.01
2012-02-27,0.432,124400.52
2012-02-28,-0.626,123621.85
2012-02-29,-0.417,123106.91
2012-03-01,0.427,123632.18
2012-03-02,0.151,123819.1
2012-03-05,-0.007,123811.04
2012-03-06,0.62,124578.41
2012-03-07,0.577,125297.33
2012-03-08,-0.157,125100.52
2012-03-09,0.079,125199.83
2012-03-12,-0.099,125075.52
2012-03-13,-0.303,124696.16
2012-03-14,-1.211,123186.45
2012-03-15,-0.985,121972.97
2012-03-16,-0.449,121425.13
2012-03-19,0.041,121475.09
2012-03-20,-0.051,121413.6
2012-03-21,0.544,122074.58
2012-03-22,0.236,122362.86
2012-03-23,0.221,122633.63
2012-03-26,-0.267,122305.91
2012-03-27,0.592,123030.32
2012-03-28,0.169,123237.66
2012-03-29,0.615,123995.91
2012-03-30,-0.695,123134.53
2012-04-02,0.086,123240.07
2012-04-03,-0.239,122945.95
2012-04-04,0.196,123186.44
2012-04-05,1.112,124555.79
2012-04-09,0.087,124663.99
2012-04-10,0.91,125798.38
2012-04-11,0.025,125830.08
2012-04-12,-0.092,125714.53
2012-04-13,0.886,126828.04
2012-04-16,-0.742,125886.75
2012-04-17,0.066,125970.37
2012-04-18,-0.054,125902.6
2012-04-19,-0.29,125537.95
2012-04-20,-0.024,125507.78
2012-04-23,0.138,125680.97
2012-04-24,-0.016,125660.47
2012-04-25,-0.284,125303.66
2012-04-26,0.305,125685.88
2012-04-27,-0.621,124905.93
2012-04-30,-0.487,124297.5
2012-05-01,-0.108,124163.39
2012-05-02,1.196,125648.8
2012-05-03,-0.79,124656.32
2012-05-04,-0.104,124527.22
2012-05-07,-0.314,124136.32
2012-05-08,0.344,124563.3
2012-05-09,0.284,124917.23
2012-05-10,-0.007,124908.57
2012-05-11,0.107,125041.76
2012-05-14,0.648,125852.38
2012-05-15,-0.155,125657.08
2012-05-16,-1.053,124334.15
2012-05-17,-0.591,123599.73
2012-05-18,-1.232,122076.41
2012-05-21,0.358,122513.66
2012-05-22,0.377,122975.1
2012-05-23,1.014,124222.66
2012-05-24,0.542,124895.43
2012-05-25,0.228,125180.14
2012-05-29,0.753,126122.82
2012-05-30,1.444,127943.92
2012-05-31,0.283,128306.32
2012-06-01,1.153,129785.15
2012-06-04,-1.037,128439.33
2012-06-05,0.107,128577.32
2012-06-06,-2.076,125908.57
2012-06-07,0.052,125973.94
2012-06-08,0.948,127167.99
2012-06-11,0.375,127645.22
2012-06-12,-0.505,127000.32
2012-06-13,-0.116,126853.5
2012-06-14,-1.337,125157.52
2012-06-15,-0.259,124833.04
2012-06-18,-0.399,124334.94
2012-06-19,-1.225,122811.25
2012-06-20,0.483,123404.79
2012-06-21,2.597,126609.49
2012-06-22,-0.6,125849.61
2012-06-25,-0.2,125598.36
2012-06-26,-1.418,123817.53
2012-06-27,-0.397,123326.28
2012-06-28,1.509,125187.62
2012-06-29,-4.482,119577.11
2012-07-02,0.472,120142.04
2012-07-03,-1.773,118012.26
2012-07-05,1.327,119578.68
2012-07-06,2.038,122016.05
2012-07-09,-0.724,121132.93
2012-07-10,1.075,122435.42
2012-07-11,-0.556,121754.41
2012-07-12,0.344,122172.65
2012-07-13,-0.863,121118.36
2012-07-16,0.218,121382.05
2012-07-17,-0.029,121346.48
2012-07-18,-0.336,120938.98
2012-07-19,-1.128,119574.64
2012-07-20,1.143,120940.96
2012-07-23,0.491,121535.23
2012-07-24,-0.448,120990.48
2012-07-25,0.279,121327.79
2012-07-26,-1.561,119433.27
2012-07-27,-0.457,118887.28
2012-07-30,0.36,119315.33
2012-07-31,0.384,119774.08
2012-08-01,-0.305,119408.19
2012-08-02,1.478,121172.94
2012-08-03,-1.699,119114.49
2012-08-06,-0.278,118783.16
2012-08-07,-1.399,117121.02
2012-08-08,0.52,117729.61
2012-08-09,0.327,118115.05
2012-08-10,0.607,118831.84
2012-08-13,-0.678,118026.29
2012-08-14,-0.856,117015.58
2012-08-15,-0.012,117001.15
2012-08-16,-0.382,116554.3
2012-08-17,0.221,116812.29
2012-08-20,0.203,117049.12
2012-08-21,-0.152,116871.04
2012-08-22,0.26,117174.33
2012-08-23,-0.216,116921.71
2012-08-24,0.547,117561.08
2012-08-27,0.068,117641.44
2012-08-28,-0.052,117580.17
2012-08-29,0.428,118083.15
2012-08-30,0.285,118419.87
2012-08-31,-0.38,117970.45
2012-09-04,-0.113,117837.4
2012-09-05,-0.58,117153.92
2012-09-06,-0.017,117134.24
2012-09-07,-0.277,116809.56
2012-09-10,-0.746,115937.77
2012-09-11,-0.557,115292.41
2012-09-12,-0.754,114423.17
2012-09-13,0.462,114952.18
2012-09-14,-0.877,113943.73
2012-09-17,-1.032,112768.37
2012-09-18,0.104,112885.38
2012-09-19,0.526,113478.62
2012-09-20,0.178,113680.6
2012-09-21,-0.032,113643.87
2012-09-24,0.057,113708.92
2012-09-25,-0.142,113547.52
2012-09-26,0.307,113896.08
2012-09-27,-0.104,113777.37
2012-09-28,0.703,114576.75
2012-10-01,-0.995,113436.59
2012-10-02,-0.746,112590.57
2012-10-03,-0.072,112509.31
2012-10-04,0.42,112982.09
2012-10-05,-0.916,111947.55
2012-10-08,0.207,112179.68
2012-10-09,0.028,112210.66
2012-10-10,-0.092,112107.34
2012-10-11,0.943,113164.9
2012-10-12,-0.477,112624.82
2012-10-15,-0.425,112146.69
2012-10-16,-0.757,111298.04
2012-10-17,-0.393,110860.63
2012-10-18,0.062,110929.79
2012-10-19,-0.362,110527.68
2012-10-22,-0.304,110191.33
2012-10-23,0.186,110396.42
2012-10-24,0.413,110852.64
2012-10-25,-0.224,110604.36
2012-10-26,0.394,111039.68
2012-10-31,0.324,111399.97
2012-11-01,0.022,111424.31
2012-11-02,-0.908,110412.09
2012-11-05,0.296,110739.45
2012-11-06,0.439,111225.98
2012-11-07,0.69,111993.53
2012-11-08,0.104,112109.63
2012-11-09,-0.358,111708.68
2012-11-12,-0.557,111086.05
2012-11-13,0.227,111338.02
2012-11-14,0.074,111420.3
2012-11-15,0.015,111436.76
2012-11-16,0.191,111649.7
2012-11-19,-0.459,111137.32
2012-11-20,0.031,111171.49
2012-11-21,0.217,111412.48
2012-11-23,0.199,111634.6
2012-11-26,-0.05,111578.43
2012-11-27,0.451,112081.94
2012-11-28,0.342,112464.71
2012-11-29,-0.566,111827.86
2012-11-30,-0.475,111296.41
2012-12-03,-0.316,110944.52
2012-12-04,0.067,111019.14
2012-12-05,0.718,111815.87
2012-12-06,0.405,112268.7
2012-12-07,-0.346,111879.87
2012-12-10,-0.046,111828.37
2012-12-11,-0.501,111268.52
2012-12-12,0.12,111401.68
2012-12-13,-0.551,110788.24
2012-12-14,0.096,110894.2
2012-12-17,-0.398,110452.63
2012-12-18,-0.408,110001.48
2012-12-19,-0.524,109425.12
2012-12-20,-0.162,109247.31
2012-12-21,0.129,109388.51
2012-12-24,0.172,109576.58
2012-12-26,-0.258,109294.32
2012-12-27,0.33,109654.55
2012-12-28,0.116,109781.82
2012-12-31,0.042,109828.07
2013-01-02,-1.01,108718.86
2013-01-03,-0.788,107862.5
2013-01-04,-0.383,107449.02
2013-01-07,0.469,107953.29
2013-01-08,0.123,108085.99
2013-01-09,0.13,108226.93
2013-01-10,0.339,108593.3
2013-01-11,0.127,108730.8
2013-01-14,0.306,109063.76
2013-01-15,-0.109,108945.34
2013-01-16,0.094,109047.33
2013-01-17,0.01,109058.43
2013-01-18,-0.204,108836.06
2013-01-22,0.087,108931.24
2013-01-23,-0.078,108846.6
2013-01-24,0.132,108989.84
2013-01-25,-0.203,108768.39
2013-01-28,-0.395,108338.96
2013-01-29,0.426,108800.21
2013-01-30,0.209,109028.1
2013-01-31,0.405,109469.89
2013-02-01,0.436,109947.65
2013-02-04,-0.098,109839.57
2013-02-05,0.265,110131.12
2013-02-06,-0.114,110006.09
2013-02-07,-0.273,109705.62
2013-02-08,0.036,109745.09
2013-02-11,-0.194,109532.26
2013-02-12,0.324,109886.96
2013-02-13,-0.01,109876.1
2013-02-14,0.124,110012.35
2013-02-15,-0.08,109923.83
2013-02-19,0.131,110067.38
2013-02-20,-0.32,109715.12
2013-02-21,-0.422,109252.07
2013-02-22,0.23,109503.31
2013-02-25,-0.195,109289.92
2013-02-26,-0.642,108588.37
2013-02-27,-0.071,108510.95
2013-02-28,-0.288,108198.32
2013-03-01,0.089,108294.47
2013-03-04,-0.025,108266.89
2013-03-05,0.212,108496.64
2013-03-06,0.174,108685.29
2013-03-07,0.003,108688.94
2013-03-08,0.215,108922.69
2013-03-11,0.139,109074.22
2013-03-12,-0.064,109004.08
2013-03-13,-0.193,108793.42
2013-03-14,-0.176,108602.32
2013-03-15,0.202,108822.13
2013-03-18,0.33,109180.7
2013-03-19,0.11,109301.32
2013-03-20,-0.094,109199.01
2013-03-21,0.087,109294.2
2013-03-22,-0.212,109063.03
2013-03-25,-0.002,109060.46
2013-03-26,0.401,109497.4
2013-03-27,0.207,109723.68
2013-03-28,-0.246,109454.15
2013-04-01,-0.496,108910.84
2013-04-02,-0.111,108789.58
2013-04-03,-0.077,108705.78
2013-04-04,0.739,109508.62
2013-04-05,0.289,109825.5
2013-04-08,-0.018,109805.62
2013-04-09,-0.298,109478.79
2013-04-10,0.111,109600.27
2013-04-11,0.073,109680.29
2013-04-12,0.429,110150.97
2013-04-15,0.818,111052.44
2013-04-16,-0.444,110559.42
2013-04-17,0.808,111452.51
2013-04-18,0.404,111902.86
2013-04-19,0.132,112051.09
2013-04-22,-0.198,111828.78
2013-04-23,0.055,111890.61
2013-04-24,-0.184,111684.55
2013-04-25,-1.067,110493.24
2013-04-26,0.356,110886.35
2013-04-29,-0.525,110303.91
2013-04-30,-0.121,110170.47
2013-05-01,0.751,110998.38
2013-05-02,-1.096,109782.35
2013-05-03,-0.851,108848.13
2013-05-06,0.019,108868.73
2013-05-07,-0.595,108220.78
2013-05-08,0.191,108427.28
2013-05-09,-0.434,107956.71
2013-05-10,-0.357,107571.8
2013-05-13,-0.315,107232.98
2013-05-14,0.235,107484.53
2013-05-15,0.349,107860.11
2013-05-16,0.22,108097.32
2013-05-17,0.191,108304.02
2013-05-20,-0.58,107676.25
2013-05-21,0.337,108039.05
2013-05-22,0.079,108124.91
2013-05-23,-0.294,107807.11
2013-05-24,-0.091,107709.35
2013-05-28,-0.377,107302.81
2013-05-29,-0.693,106559.36
2013-05-30,-0.164,106384.73
2013-05-31,-0.121,106255.83
2013-06-03,-0.6,105618.17
2013-06-04,0.194,105823.27
2013-06-05,0.076,105903.65
2013-06-06,-1.214,104617.85
2013-06-07,0.612,105258.11
2013-06-10,0.271,105543.46
2013-06-11,-0.598,104912.22
2013-06-12,0.043,104957.36
2013-06-13,-0.226,104720.39
2013-06-14,-0.601,104091.51
2013-06-17,0.299,104402.53
2013-06-18,0.335,104751.81
2013-06-19,0.669,105452.76
2013-06-20,1.547,107084.05
2013-06-21,0.112,107203.84
2013-06-24,0.577,107822.38
2013-06-25,-0.077,107739.74
2013-06-26,0.045,107788.28
2013-06-27,-0.108,107671.74
2013-06-28,0.902,108643.23
2013-07-01,-0.094,108541.49
2013-07-02,0.284,108849.92
2013-07-03,-0.016,108832.58
2013-07-05,1.68,110660.59
2013-07-08,-0.686,109901.51
2013-07-09,-0.712,109118.47
2013-07-10,0.231,109370.73
2013-07-11,-1.367,107875.2
2013-07-12,0.329,108230.24
2013-07-15,0.128,108368.89
2013-07-16,-0.741,107566.23
2013-07-17,0.349,107942.07
2013-07-18,-0.173,107754.89
2013-07-19,-0.238,107498.61
2013-07-22,-0.55,106907.9
2013-07-23,-0.057,106846.7
2013-07-24,1.271,108204.99
2013-07-25,-0.476,107690.26
2013-07-26,-0.303,107363.6
2013-07-29,-0.024,107338.25
2013-07-30,0.486,107859.45
2013-07-31,-0.146,107701.52
2013-08-01,1.815,109656.69
2013-08-02,-0.509,109098.02
2013-08-05,0.193,109308.8
2013-08-06,-0.282,109000.38
2013-08-07,-0.435,108526.15
2013-08-08,-1.031,107407.34
2013-08-09,0.107,107522.78
2013-08-12,-0.282,107219.55
2013-08-13,1.566,108898.18
2013-08-14,-0.429,108430.6
2013-08-15,-0.398,107999.04
2013-08-16,0.423,108455.86
2013-08-19,-0.033,108419.55
2013-08-20,-0.077,108335.83
2013-08-21,0.416,108786.72
2013-08-22,0.778,109633.04
2013-08-23,-0.368,109230.04
2013-08-26,-1.027,108108.06
2013-08-27,-0.244,107844.31
2013-08-28,0.777,108682.67
2013-08-29,-0.302,108354.43
2013-08-30,0.044,108402.27
2013-09-03,0.278,108703.84
2013-09-04,0.113,108826.32
2013-09-05,1.213,110146.66
2013-09-06,-0.972,109075.51
2013-09-09,-0.301,108746.65
2013-09-10,0.126,108883.43
2013-09-11,-0.361,108490.15
2013-09-12,0.362,108882.57
2013-09-13,0.05,108936.92
2013-09-16,-0.883,107975.18
2013-09-17,-0.17,107792.15
2013-09-18,-0.278,107491.97
2013-09-19,-0.87,106556.48
2013-09-20,0.463,107049.68
2013-09-23,-0.71,106289.77
2013-09-24,-0.179,106099.06
2013-09-25,-0.57,105494.07
2013-09-26,-0.072,105418.09
2013-09-27,-0.269,105134.77
2013-09-30,-0.049,105083.65
2013-10-01,0.053,105139.69
2013-10-02,-0.132,105001.13
2013-10-03,0.084,105089.26
2013-10-04,-0.073,105012.84
2013-10-07,-0.688,104290.62
2013-10-08,0.075,104368.97
2013-10-09,-0.105,104259.55
2013-10-10,0.504,104785.27
2013-10-11,-0.28,104491.45
2013-10-14,-0.024,104465.93
2013-10-15,0.171,104644.33
2013-10-16,-0.053,104588.61
2013-10-17,-0.39,104181.18
2013-10-18,-0.54,103618.52
2013-10-21,0.465,104100.77
2013-10-22,-0.355,103731.01
2013-10-23,0.116,103850.82
2013-10-24,0.201,104059.07
2013-10-25,-0.185,103866.9
2013-10-28,0.322,104201.14
2013-10-29,-0.054,104144.62
2013-10-30,-0.307,103825.27
2013-10-31,0.173,104005.06
2013-11-01,0.286,104302.32
2013-11-04,0.222,104533.6
2013-11-05,0.407,104959.37
2013-11-06,-0.073,104883.24
2013-11-07,-0.148,104727.92
2013-11-08,0.696,105456.82
2013-11-11,0.011,105468.34
2013-11-12,0.353,105840.32
2013-11-13,0.093,105939.15
2013-11-14,-0.373,105544.5
2013-11-15,-0.221,105311.22
2013-11-18,0.203,105524.82
2013-11-19,0.119,105649.96
2013-11-20,-0.249,105386.79
2013-11-21,0.348,105753.15
2013-11-22,0.192,105956.07
2013-11-25,-0.116,105832.78
2013-11-26,0.126,105965.87
2013-11-27,0.523,106519.76
2013-11-29,0.144,106672.92
2013-12-02,0.402,107101.22
2013-12-03,-0.451,106617.72
2013-12-04,0.133,106759.7
2013-12-05,-0.045,106712.19
2013-12-06,0.242,106970.8
2013-12-09,0.028,107000.64
2013-12-10,-0.589,106370.55
2013-12-11,0.15,106530.43
2013-12-12,0.655,107228.2
2013-12-13,-0.12,107099
2013-12-16,0.215,107329.75
2013-12-17,0.189,107532.35
2013-12-18,0.548,108121.28
2013-12-19,0.176,108311.33
2013-12-20,-0.317,107967.57
2013-12-23,0.156,108136.15
2013-12-24,0.161,108310.3
2013-12-26,0.118,108438.6
2013-12-27,0.697,109194.66
2013-12-30,-0.153,109028.02
2013-12-31,-0.278,108724.43
2014-01-02,-0.907,107738.18
2014-01-03,-0.639,107049.61
2014-01-06,-0.288,106741.66
2014-01-07,0.166,106919.38
2014-01-08,0.583,107543.09
2014-01-09,-0.058,107481.16
2014-01-10,-1.093,106306.47
2014-01-13,-0.424,105855.29
2014-01-14,1.045,106961.4
2014-01-15,0.489,107484.4
2014-01-16,-0.395,107059.4
2014-01-17,0.05,107113.24
2014-01-21,-0.005,107108.27
2014-01-22,0.791,107955.1
2014-01-23,-0.314,107616.04
2014-01-24,0.176,107805.34
2014-01-27,-0.042,107760.02
2014-01-28,0.192,107967.08
2014-01-29,0.461,108465.22
2014-01-30,-1.031,107346.78
2014-01-31,-0.649,106650.27
2014-02-03,-0.726,105876.28
2014-02-04,-0.102,105767.82
2014-02-05,-0.492,105247.07
2014-02-06,0.242,105501.34
2014-02-07,-0.276,105210.07
2014-02-10,-0.225,104973.2
2014-02-11,0.188,105170.04
2014-02-12,-0.194,104966.44
2014-02-13,0.957,105971.37
2014-02-14,-0.286,105667.79
2014-02-18,0.079,105751.5
2014-02-19,0.791,106587.62
2014-02-20,0.132,106728.29
2014-02-21,0.142,106879.66
2014-02-24,-1.072,105733.83
2014-02-25,0.257,106005.69
2014-02-26,0.404,106433.76
2014-02-27,0.171,106615.27
2014-02-28,0.495,107143.48
2014-03-03,-0.798,106288.96
2014-03-04,-0.331,105937.61
2014-03-05,-0.684,105213.52
2014-03-06,-0.038,105173.69
2014-03-07,0.831,106048.02
2014-03-10,0.124,106179.65
2014-03-11,-0.18,105988.79
2014-03-12,-0.696,105251.12
2014-03-13,-0.157,105086.36
2014-03-14,0.188,105283.95
2014-03-17,-0.198,105075.18
2014-03-18,0.076,105155.02
2014-03-19,-0.45,104681.74
2014-03-20,0.042,104726.15
2014-03-21,-0.253,104461.05
2014-03-24,-0.074,104383.78
2014-03-25,0.068,104454.48
2014-03-26,0.069,104526.07
2014-03-27,0.118,104649.59
2014-03-28,-0.077,104568.88
2014-03-31,-0.223,104336.04
2014-04-01,-0.42,103898.28
2014-04-02,-0.346,103538.77
2014-04-03,0.411,103964.81
2014-04-04,-0.233,103722.78
2014-04-07,0.246,103978.34
2014-04-08,0.345,104337.51
2014-04-09,0.338,104690.2
2014-04-10,0.254,104956.28
2014-04-11,0.108,105069.56
2014-04-14,0.133,105209.43
2014-04-15,0.717,105963.95
2014-04-16,-0.12,105836.53
2014-04-17,0.127,105971.18
2014-04-21,-0.321,105630.87
2014-04-22,-0.134,105489.25
2014-04-23,-0.134,105348.15
2014-04-24,0.118,105472.84
2014-04-25,0.199,105682.79
2014-04-28,0.162,105853.54
2014-04-29,0.239,106107.02
2014-04-30,0.09,106202.57
2014-05-01,-0.465,105709.17
2014-05-02,-0.016,105692.33
2014-05-05,-0.066,105623.08
2014-05-06,0.558,106212.26
2014-05-07,0.108,106327.41
2014-05-08,-0.335,105971.26
2014-05-09,-0.62,105314.48
2014-05-12,-0.732,104543.6
2014-05-13,0.189,104740.88
2014-05-14,0.127,104874.01
2014-05-15,0.188,105070.68
2014-05-16,-0.165,104897.81
2014-05-19,-0.005,104892.87
2014-05-20,-0.074,104815.51
2014-05-21,0.101,104921.15
2014-05-22,-0.385,104517.62
2014-05-23,0.048,104568.02
2014-05-27,0.075,104646.58
2014-05-28,0.571,105244.04
2014-05-29,0.027,105272.85
2014-05-30,-0.066,105203.61
2014-06-02,-0.399,104784.05
2014-06-03,-0.294,104476.09
2014-06-04,-0.051,104422.96
2014-06-05,0.639,105089.78
2014-06-06,0.154,105251.16
2014-06-09,-0.057,105191.62
2014-06-10,-0.477,104689.52
2014-06-11,0.064,104756.31
2014-06-12,1.206,106019.47
2014-06-13,-0.126,105886
2014-06-16,0.184,106081.01
2014-06-17,-0.417,105638.25
2014-06-18,0.11,105754.01
2014-06-19,-0.051,105699.59
2014-06-20,-0.579,105087.68
2014-06-23,0.092,105184.81
2014-06-24,0.428,105635.44
2014-06-25,0.498,106161.78
2014-06-26,-0.014,106146.88
2014-06-27,-0.241,105890.61
2014-06-30,0.164,106064.75
2014-07-01,0.205,106282.33
2014-07-02,-0.956,105265.85
2014-07-03,-0.259,104993.02
2014-07-07,0.351,105361.97
2014-07-08,0.128,105497.11
2014-07-09,0.144,105648.84
2014-07-10,0.105,105760.09
2014-07-11,0.3,106077.09
2014-07-14,-0.334,105722.27
2014-07-15,-0.338,105364.64
2014-07-16,-0.009,105355.12
2014-07-17,0.345,105718.65
2014-07-18,0.279,106013.98
2014-07-21,0.154,106177.1
2014-07-22,-0.05,106124.12
2014-07-23,0.165,106299.63
2014-07-24,-0.378,105897.99
2014-07-25,0.062,105963.7
2014-07-28,-0.176,105777.73
2014-07-29,0.595,106407.15
2014-07-30,-0.692,105671.11
2014-07-31,-0.335,105317.11
2014-08-01,0.328,105662.12
2014-08-04,-0.168,105485.1
2014-08-05,-0.146,105330.65
2014-08-06,-0.163,105159.28
2014-08-07,0.261,105433.27
2014-08-08,0.401,105856.48
2014-08-11,-0.093,105757.81
2014-08-12,0.193,105961.68
2014-08-13,0.038,106001.84
2014-08-14,0.13,106139.67
2014-08-15,-0.048,106088.82
2014-08-18,0.138,106235.72
2014-08-19,0.208,106456.92
2014-08-20,0.082,106543.78
2014-08-21,-0.159,106373.9
2014-08-22,0.144,106527.17
2014-08-25,0.809,107388.77
2014-08-26,0.081,107476.03
2014-08-27,0.223,107715.53
2014-08-28,0.089,107810.88
2014-08-29,0.331,108167.8
2014-09-02,-0.313,107829.54
2014-09-03,0.049,107882.4
2014-09-04,0.941,108897.81
2014-09-05,0.01,108908.61
2014-09-08,0.493,109445.03
2014-09-09,0.301,109774.44
2014-09-10,0.274,110075.45
2014-09-11,0.135,110224.2
2014-09-12,0.072,110303.87
2014-09-15,0.029,110336.29
2014-09-16,-0.225,110087.77
2014-09-17,0.183,110289.29
2014-09-18,0.069,110365.76
2014-09-19,0.982,111449.86
2014-09-22,0.449,111950.45
2014-09-23,0.207,112182.56
2014-09-24,-0.221,111934.89
2014-09-25,0.58,112583.92
2014-09-26,0.397,113031.25
2014-09-29,-0.226,112775.3
2014-09-30,1.211,114141.35
2014-10-01,0.632,114863.15
2014-10-02,-0.236,114592.5
2014-10-03,1.174,115937.4
2014-10-06,-1.554,114135.31
2014-10-07,-0.031,114100.41
2014-10-08,0.275,114414.67
2014-10-09,0.525,115015.61
2014-10-10,0.854,115997.85
2014-10-13,-0.568,115338.78
2014-10-14,0.672,116114.31
2014-10-15,0.907,117167.84
2014-10-16,-1.168,115799.71
2014-10-17,-0.176,115596.16
2014-10-20,0.32,115966.27
2014-10-21,-0.529,115353.18
2014-10-22,0.683,116140.84
2014-10-23,-0.577,115471.21
2014-10-24,0.23,115736.28
2014-10-27,-0.418,115252.36
2014-10-28,-0.744,114394.46
2014-10-29,-0.717,113573.98
2014-10-30,0.952,114655.27
2014-10-31,0.85,115629.33
2014-11-03,0.726,116468.35
2014-11-04,0.8,117399.79
2014-11-05,0.342,117800.78
2014-11-06,-0.12,117659.76
2014-11-07,-0.523,117044.51
2014-11-10,0.779,117956.75
2014-11-11,-1.106,116652.45
2014-11-12,0.123,116795.86
2014-11-13,1.074,118049.88
2014-11-14,-0.43,117542.07
2014-11-17,0.413,118027.37
2014-11-18,0.247,118319.09
2014-11-19,0.419,118814.97
2014-11-20,-0.527,118189.12
2014-11-21,0.234,118466.2
2014-11-24,0.555,119123.47
2014-11-25,0.293,119473
2014-11-26,-0.145,119300.03
2014-11-28,3.433,123395.22
2014-12-01,-1.831,121136.4
2014-12-02,1.467,122913.64
2014-12-03,0.325,123313.03
2014-12-04,-0.213,123050.29
2014-12-05,0.455,123610.07
2014-12-08,0.629,124386.98
2014-12-09,-0.457,123818.76
2014-12-10,0.881,124908.99
2014-12-11,0.332,125323.31
2014-12-12,0.592,126064.99
2014-12-15,0.464,126649.31
2014-12-16,0.558,127355.96
2014-12-17,0.015,127375.64
2014-12-18,-0.129,127211.36
2014-12-19,0.234,127508.78
2014-12-22,1.068,128870.29
2014-12-23,-0.607,128087.72
2014-12-24,0.804,129118.18
2014-12-26,0.014,129136.54
2014-12-29,1.125,130589.06
2014-12-30,-0.162,130376.98
2014-12-31,1.267,132028.59
2015-01-02,1.677,134243
2015-01-05,1.108,135730.94
2015-01-06,0.545,136471.33
2015-01-07,0.704,137431.72
2015-01-08,-0.25,137088.14
2015-01-09,-0.321,136647.8
2015-01-12,1.693,138961.65
2015-01-13,0.414,139536.62
2015-01-14,-0.793,138430.43
2015-01-15,-1.929,135760.32
2015-01-16,-1.292,134005.85
2015-01-20,2.058,136763.72
2015-01-21,-0.646,135880.45
2015-01-22,1.252,137582.3
2015-01-23,1.214,139251.95
2015-01-26,0.436,139859.45
2015-01-27,-0.432,139255.27
2015-01-28,1.444,141265.64
2015-01-29,1.288,143085.08
2015-01-30,-0.545,142305.88
2015-02-02,-0.549,141524.99
2015-02-03,-3.584,136452.2
2015-02-04,1.955,139119.97
2015-02-05,-1.321,137282.75
2015-02-06,-0.164,137057.46
2015-02-09,-0.883,135847.54
2015-02-10,1.032,137249.4
2015-02-11,0.184,137501.46
2015-02-12,-1.673,135200.93
2015-02-13,-1.204,133573.1
2015-02-17,-0.913,132353.85
2015-02-18,0.492,133005.46
2015-02-19,-0.007,132996.25
2015-02-20,-0.241,132675.27
2015-02-23,1.185,134247.92
2015-02-24,-0.059,134168.12
2015-02-25,-0.565,133410.48
2015-02-26,1.273,135108.39
2015-02-27,-1.164,133536.28
2015-03-02,1.277,135241.71
2015-03-03,-1.054,133816.32
2015-03-04,0.334,134263.36
2015-03-05,0.914,135490.58
2015-03-06,0.918,136734.77
2015-03-09,0.432,137325.91
2015-03-10,2.004,140078.06
2015-03-11,0.572,140879.57
2015-03-12,-0.013,140860.7
2015-03-13,1.676,143222.17
2015-03-16,-0.221,142906.28
2015-03-17,0.562,143709
2015-03-18,-0.963,142325.78
2015-03-19,1.214,144053.39
2015-03-20,-2.104,141022.14
2015-03-23,-0.945,139690.03
2015-03-24,0.166,139921.27
2015-03-25,-0.221,139611.81
2015-03-26,-0.591,138787.19
2015-03-27,1.47,140827.88
2015-03-30,0.396,141386.11
2015-03-31,1.125,142976.66
2015-04-01,-1.239,141205.37
2015-04-02,-0.315,140760.49
2015-04-06,-1.289,138946.42
2015-04-07,0.076,139051.75
2015-04-08,1.404,141003.64
2015-04-09,1.097,142550.07
2015-04-10,-0.697,141555.84
2015-04-13,0.628,142444.57
2015-04-14,-0.649,141519.49
2015-04-15,-2.019,138662.53
2015-04-16,-1.8,136166.75
2015-04-17,0.402,136714.27
2015-04-20,0.779,137778.66
2015-04-21,0.607,138615.03
2015-04-22,-0.852,137433.68
2015-04-23,-1.255,135708.37
2015-04-24,0.318,136140.55
2015-04-27,-0.288,135748.29
2015-04-28,-1.066,134300.72
2015-04-29,-2.281,131237.57
2015-04-30,-0.895,130062.69
2015-05-01,0.673,130938.51
2015-05-04,-0.159,130730.69
2015-05-05,-1.531,128728.97
2015-05-06,-1.295,127061.39
2015-05-07,1.628,129130.26
2015-05-08,-0.345,128684.88
2015-05-11,-0.3,128298.24
2015-05-12,-1.725,126085.11
2015-05-13,-0.756,125131.75
2015-05-14,-0.495,124512.22
2015-05-15,0.832,125547.69
2015-05-18,0.625,126331.97
2015-05-19,1.829,128643.16
2015-05-20,-0.01,128630.29
2015-05-21,-0.659,127782.46
2015-05-22,1.609,129837.97
2015-05-26,2.86,133550.94
2015-05-27,1.004,134891.88
2015-05-28,0.248,135226.45
2015-05-29,-0.135,135044.42
2015-06-01,-0.043,134985.84
2015-06-02,-2.981,130961.62
2015-06-03,-0.02,130935.03
2015-06-04,0.878,132084.21
2015-06-05,-0.031,132043.44
2015-06-08,-1.023,130692.91
2015-06-09,-1.67,128510.36
2015-06-10,-1.318,126816.36
2015-06-11,1.846,129157.26
2015-06-12,0.828,130226.38
2015-06-15,0.207,130495.39
2015-06-16,0.012,130510.7
2015-06-17,-0.708,129586.95
2015-06-18,-0.33,129158.84
2015-06-19,1.251,130773.99
2015-06-22,-0.659,129911.87
2015-06-23,-0.497,129266.82
2015-06-24,0.297,129650.11
2015-06-25,-1.097,128227.27
2015-06-26,-0.605,127452.08
2015-06-29,0.57,128178.83
2015-06-30,-1.752,125933.69
2015-07-01,1.315,127589.35
2015-07-02,-0.232,127293.37
2015-07-06,2.521,130502.65
2015-07-07,1.489,132446.33
2015-07-08,-0.424,131885.2
2015-07-09,-0.766,130875.26
2015-07-10,-0.916,129676.78
2015-07-13,0.274,130031.69
2015-07-14,-0.065,129947.43
2015-07-15,1.278,131607.56
2015-07-16,0.385,132114.17
2015-07-17,0.252,132446.6
2015-07-20,0.568,133198.68
2015-07-21,-0.534,132487.05
2015-07-22,0.775,133514.02
2015-07-23,0.401,134048.91
2015-07-24,0.622,134882.59
2015-07-27,-0.306,134469.83
2015-07-28,-0.281,134091.78
2015-07-29,-0.433,133510.71
2015-07-30,0.921,134740.51
2015-07-31,0.537,135463.54
2015-08-03,1.077,136922.26
2015-08-04,-0.374,136409.63
2015-08-05,0.204,136687.79
2015-08-06,0.122,136854.94
2015-08-07,0.343,137324.84
2015-08-10,-1.504,135259.06
2015-08-11,1.789,137679.33
2015-08-12,-1.284,135911.88
2015-08-13,0.656,136803.96
2015-08-14,-0.141,136610.65
2015-08-17,0.934,137886.83
2015-08-18,0.093,138015.19
2015-08-19,0.674,138945.91
2015-08-20,-0.231,138625.15
2015-08-21,0.576,139423.46
2015-08-24,0.726,140436.37
2015-08-25,-0.423,139841.82
2015-08-26,1.129,141420.33
2015-08-27,-2.044,138530.13
2015-08-28,-0.862,137335.5
2015-08-31,-1.41,135399.09
2015-09-01,1.759,137780.61
2015-09-02,0.181,138030.33
2015-09-03,-0.191,137767.2
2015-09-04,1.117,139305.48
2015-09-08,-0.889,138066.75
2015-09-09,0.606,138903.14
2015-09-10,-1.002,137511.03
2015-09-11,0.16,137730.37
2015-09-14,-0.033,137685.37
2015-09-15,-0.481,137023.19
2015-09-16,-0.992,135664.37
2015-09-17,-0.024,135631.97
2015-09-18,2.317,138775.2
2015-09-21,-0.555,138005.28
2015-09-22,1.497,140071.6
2015-09-23,0.489,140756.19
2015-09-24,-0.116,140593.06
2015-09-25,-1.197,138909.5
2015-09-28,1.169,140532.87
2015-09-29,0.099,140671.69
2015-09-30,-0.377,140141.51
2015-10-01,0.28,140534.47
2015-10-02,-0.397,139976.92
2015-10-05,-1.238,138244.7
2015-10-06,-1.987,135497.25
2015-10-07,-0.098,135364.31
2015-10-08,-0.822,134251.22
2015-10-09,-0.973,132944.93
2015-10-12,1.168,134497.8
2015-10-13,0.705,135446.67
2015-10-14,-0.297,135043.79
2015-10-15,-0.017,135021.35
2015-10-16,0.096,135150.44
2015-10-19,1.278,136878.27
2015-10-20,-0.746,135857.78
2015-10-21,0.979,137187.52
2015-10-22,0.522,137903.47
2015-10-23,0.805,139014
2015-10-26,0.336,139480.74
2015-10-27,1.018,140900.94
2015-10-28,-0.69,139929.08
2015-10-29,-0.743,138889.72
2015-10-30,-0.905,137632.53
2015-11-02,0.161,137853.51
2015-11-03,-1.226,136162.79
2015-11-04,1.273,137896.58
2015-11-05,0.656,138801.09
2015-11-06,0.471,139454.72
2015-11-09,0.768,140525.51
2015-11-10,0.919,141817.61
2015-11-11,0.241,142159.61
2015-11-12,0.408,142740.01
2015-11-13,0.81,143895.8
2015-11-16,0.478,144583.16
2015-11-17,0.291,145004.05
2015-11-18,0.048,145073.86
2015-11-19,-0.347,144570.48
2015-11-20,0.745,145647.25
2015-11-23,-0.24,145298.22
2015-11-24,-0.869,144034.94
2015-11-25,0.198,144320.73
2015-11-27,1.424,146376.16
2015-11-30,-0.001,146374.37
2015-12-01,-0.49,145656.64
2015-12-02,1.494,147833.1
2015-12-03,-2.812,143676.04
2015-12-04,0.276,144072.66
2015-12-07,2.625,147854.08
2015-12-08,0.223,148183.17
2015-12-09,-0.882,146876.24
2015-12-10,-0.292,146447.95
2015-12-11,0.83,147663.43
2015-12-14,0.222,147990.77
2015-12-15,0.378,148549.91
2015-12-16,0.311,149011.18
2015-12-17,2.097,152135.7
2015-12-18,-0.753,150989.66
2015-12-21,-0.281,150565.73
2015-12-22,0.141,150778.65
2015-12-23,-1.151,149042.92
2015-12-24,-0.608,148136.68
2015-12-28,0.571,148981.95
2015-12-29,-1.389,146913.05
2015-12-30,1.203,148679.85
2015-12-31,-0.083,148556.98
2016-01-04,1.011,150059.51
2016-01-05,0.426,150698.79
2016-01-06,1.649,153184.4
2016-01-07,-0.129,152987.14
2016-01-08,0.183,153267.74
2016-01-11,1.308,155272.83
2016-01-12,0.895,156662.36
2016-01-13,0.658,157692.68
2016-01-14,0.386,158301.02
2016-01-15,1.904,161314.37
2016-01-19,-0.252,160908.02
2016-01-20,0.773,162151.13
2016-01-21,-1.299,160045.48
2016-01-22,-1.697,157329.36
2016-01-25,-0.003,157324.17
2016-01-26,-0.156,157079.1
2016-01-27,-0.745,155909.38
2016-01-28,-0.554,155045.3
2016-01-29,-0.48,154301.01
2016-02-01,0.413,154938.86
2016-02-02,2.295,158493.98
2016-02-03,-2.141,155100.12
2016-02-04,-0.392,154492.66
2016-02-05,1.495,156802.65
2016-02-08,1.479,159121.8
2016-02-09,1.255,161118.57
2016-02-10,-0.075,160997.76
2016-02-11,1.101,162769.99
2016-02-12,-2.777,158250.35
2016-02-16,0.998,159829.56
2016-02-17,-1.866,156847.26
2016-02-18,1.266,158833.38
2016-02-19,1.015,160445.24
2016-02-22,-0.735,159265.59
2016-02-23,0.743,160449.65
2016-02-24,-0.057,160358.73
2016-02-25,-0.542,159488.95
2016-02-26,0.074,159607.29
2016-02-29,-0.079,159480.41
2016-03-01,-1.102,157722.79
2016-03-02,-0.852,156379.55
2016-03-03,-0.413,155733.47
2016-03-04,-1.78,152962.12
2016-03-07,-1.25,151050.62
2016-03-08,1.567,153417.46
2016-03-09,-2.204,150035.92
2016-03-10,-0.53,149240.92
2016-03-11,-1.319,147272.09
2016-03-14,0.781,148421.72
2016-03-15,0.505,149171.83
2016-03-16,-0.935,147777.18
2016-03-17,-0.766,146645.31
2016-03-18,0.69,147656.59
2016-03-21,-0.033,147608.47
2016-03-22,0.047,147678.15
2016-03-23,1.956,150566.99
2016-03-24,-0.666,149563.69
2016-03-28,-0.458,148879.1
2016-03-29,0.45,149549.22
2016-03-30,0.264,149944.24
2016-03-31,0.154,150175.33
2016-04-01,0.906,151535.8
2016-04-04,0.303,151995.17
2016-04-05,0.875,153324.56
2016-04-06,-0.491,152571.39
2016-04-07,0.536,153389.37
2016-04-08,-1.439,151182.57
2016-04-11,-0.107,151021.45
2016-04-12,-1.807,148292.04
2016-04-13,-0.532,147503.49
2016-04-14,0.304,147952.47
2016-04-15,1.437,150079.06
2016-04-18,-0.21,149764.42
2016-04-19,-1.506,147509.32
2016-04-20,-1.199,145740.62
2016-04-21,-0.088,145612.74
2016-04-22,-0.732,144547.23
2016-04-25,0.48,145241
2016-04-26,-0.993,143798.24
2016-04-27,-0.341,143308.42
2016-04-28,0.849,144525.15
2016-04-29,0.208,144826.11
2016-05-02,1.188,146547.15
2016-05-03,0.917,147890.66
2016-05-04,0.003,147895.76
2016-05-05,-0.059,147808.69
2016-05-06,-0.139,147603.9
2016-05-09,0.497,148338.04
2016-05-10,-0.446,147675.8
2016-05-11,-0.201,147378.83
2016-05-12,-0.529,146598.62
2016-05-13,0.034,146648.19
2016-05-16,-0.421,146030.21
2016-05-17,-0.379,145476.46
2016-05-18,-1.116,143852.45
2016-05-19,0.02,143881.78
2016-05-20,0.16,144112.43
2016-05-23,0.253,144476.54
2016-05-24,-0.834,143272.3
2016-05-25,-0.014,143252.44
2016-05-26,0.58,144082.68
2016-05-27,-0.339,143594.79
2016-05-31,0.019,143621.53
2016-06-01,0.378,144164.99
2016-06-02,0.398,144738.12
2016-06-03,1.428,146805.19
2016-06-06,-0.405,146210.89
2016-06-07,0.016,146233.94
2016-06-08,0.039,146291.44
2016-06-09,0.201,146585.06
2016-06-10,1.461,148726.63
2016-06-13,0.415,149344.31
2016-06-14,0.524,150127.59
2016-06-15,0.23,150473.49
2016-06-16,0.912,151845.21
2016-06-17,-0.761,150689.49
2016-06-20,-1.962,147733.58
2016-06-21,-1.114,146087.37
2016-06-22,0.185,146358.2
2016-06-23,-1.287,144474.7
2016-06-24,4.195,150536.09
2016-06-27,1.403,152647.47
2016-06-28,-0.888,151291.46
2016-06-29,0.046,151360.45
2016-06-30,0.294,151805.92
2016-07-01,0.393,152402.35
2016-07-05,1.865,155244.88
2016-07-06,0.206,155564.82
2016-07-07,0.154,155803.68
2016-07-08,0.281,156240.82
2016-07-11,-0.231,155879.64
2016-07-12,-1.714,153208.03
2016-07-13,0.995,154732.33
2016-07-14,-1.125,152991.08
2016-07-15,-0.532,152177.86
2016-07-18,0.202,152485.78
2016-07-19,0.405,153103.59
2016-07-20,-0.305,152637
2016-07-21,0.442,153311.06
2016-07-22,-0.362,152755.62
2016-07-25,0.01,152770.18
2016-07-26,0.469,153487.19
2016-07-27,0.548,154328.95
2016-07-28,-0.259,153929.91
2016-07-29,0.613,154873.29
2016-08-01,-0.061,154778.79
2016-08-02,-0.287,154335.32
2016-08-03,-0.821,153068.17
2016-08-04,1.127,154793.06
2016-08-05,-0.218,154456.26
2016-08-08,-0.019,154426.25
2016-08-09,1.066,156071.93
2016-08-10,0.606,157018.39
2016-08-11,-0.914,155582.92
2016-08-12,-0.284,155141.14
2016-08-15,-0.499,154367.55
2016-08-16,-0.563,153497.88
2016-08-17,-0.611,152560.31
2016-08-18,-0.354,152019.93
2016-08-19,-0.641,151046.02
2016-08-22,0.977,152521.62
2016-08-23,0.087,152654.3
2016-08-24,-0.355,152111.74
2016-08-25,-0.157,151872.27
2016-08-26,-0.152,151641.76
2016-08-29,0.916,153030.76
2016-08-30,-0.233,152673.79
2016-08-31,0.053,152755.34
2016-09-01,0.294,153204.56
2016-09-02,-0.396,152598.42
2016-09-06,1.34,154642.97
2016-09-07,-0.188,154351.83
2016-09-08,-1.716,151702.9
2016-09-09,-0.759,150552.19
2016-09-12,-0.375,149988.36
2016-09-13,-0.146,149769.76
2016-09-14,0.121,149951.48
2016-09-15,0.156,150184.81
2016-09-16,0.407,150795.43
2016-09-19,0.537,151605.76
2016-09-20,0.369,152165.77
2016-09-21,-0.115,151991.29
2016-09-22,0.537,152807.06
2016-09-23,0.312,153283.49
2016-09-26,0.508,154061.66
2016-09-27,0.749,155215.53
2016-09-28,-0.494,154449.11
2016-09-29,-0.39,153847.43
2016-09-30,-0.635,152869.85
2016-10-03,-0.086,152738.67
2016-10-04,-0.928,151320.58
2016-10-05,-0.555,150481.47
2016-10-06,-0.461,149788.1
2016-10-07,0.446,150456.31
2016-10-10,-0.165,150208.43
2016-10-11,0.048,150279.96
2016-10-12,-0.142,150067.24
2016-10-13,0.228,150409.49
2016-10-14,-0.637,149452.12
2016-10-17,0.107,149611.64
2016-10-18,0.276,150024.13
2016-10-19,0.301,150476.42
2016-10-20,-0.514,149703.51
2016-10-21,-0.032,149656.01
2016-10-24,-0.059,149567.67
2016-10-25,-0.356,149035.66
2016-10-26,-1.204,147240.63
2016-10-27,-0.718,146183.9
2016-10-28,-0.32,145715.4
2016-10-31,-1.04,144200.53
2016-11-01,-0.232,143866.28
2016-11-02,-0.097,143727.23
2016-11-03,-0.506,142999.26
2016-11-04,-0.098,142859.31
2016-11-07,0.171,143103.65
2016-11-08,-0.798,141962.02
2016-11-09,-0.33,141494.13
2016-11-10,-1.377,139545.66
2016-11-11,-0.902,138287.38
2016-11-14,-0.279,137901.96
2016-11-15,0.211,138193.09
2016-11-16,-0.631,137320.91
2016-11-17,-0.061,137237.15
2016-11-18,-0.631,136371.29
2016-11-21,0.075,136473.6
2016-11-22,0.256,136823.62
2016-11-23,-0.043,136765.38
2016-11-25,0.263,137124.42
2016-11-28,0.347,137600.03
2016-11-29,-0.417,137026.37
2016-11-30,0.074,137128.34
2016-12-01,-0.175,136888.32
2016-12-02,-0.331,136435.9
2016-12-05,-0.516,135732.56
2016-12-06,0.218,136028.35
2016-12-07,-0.122,135862.96
2016-12-08,0.162,136083.06
2016-12-09,0.395,136620.92
2016-12-12,-0.431,136032.03
2016-12-13,-0.233,135715.42
2016-12-14,0.083,135828.03
2016-12-15,1.69,138123.19
2016-12-16,-0.259,137765.44
2016-12-19,-0.381,137240.77
2016-12-20,0.192,137504.3
2016-12-21,0.119,137667.88
2016-12-22,0.148,137871.21
2016-12-23,0.175,138112.08
2016-12-27,0.438,138717.68
2016-12-28,0.321,139162.72
2016-12-29,-0.772,138088.9
2016-12-30,-0.58,137287.55
2017-01-03,-0.747,136262.2
2017-01-04,-0.151,136056.24
2017-01-05,-1.391,134163.24
2017-01-06,0.926,135405.78
2017-01-09,-1.513,133356.62
2017-01-10,0.331,133798.17
2017-01-11,0.145,133992.65
2017-01-12,0.374,134494.1
2017-01-13,-0.121,134331.06
2017-01-17,-1.349,132519.54
2017-01-18,0.044,132577.6
2017-01-19,0.54,133293.52
2017-01-20,-0.575,132527.05
2017-01-23,-0.764,131514.42
2017-01-24,0.996,132823.96
2017-01-25,-0.553,132089.11
2017-01-26,0.377,132586.48
2017-01-27,-0.061,132506.07
2017-01-30,-0.763,131494.39
2017-01-31,-0.739,130522.49
2017-02-01,0.386,131025.7
2017-02-02,-0.217,130741.05
2017-02-03,0.203,131006.51
2017-02-06,-0.665,130135.97
2017-02-07,-0.494,129493.73
2017-02-08,0.076,129591.7
2017-02-09,0.457,130183.46
2017-02-10,0.468,130793.19
2017-02-13,-0.677,129908.09
2017-02-14,0.579,130660.16
2017-02-15,0.055,130731.49
2017-02-16,-0.974,129457.83
2017-02-17,0.13,129626
2017-02-21,0.452,130211.99
2017-02-22,-0.28,129846.82
2017-02-23,-0.491,129209.27
2017-02-24,-0.563,128481.55
2017-02-27,0.337,128913.98
2017-02-28,-0.136,128738.56
2017-03-01,0.422,129281.41
2017-03-02,-0.373,128799.7
2017-03-03,-0.125,128638.45
2017-03-06,-0.193,128390.72
2017-03-07,0.163,128600.36
2017-03-08,-0.603,127824.88
2017-03-09,-0.444,127256.78
2017-03-10,-0.444,126691.69
2017-03-13,0.299,127070.9
2017-03-14,0.263,127404.98
2017-03-15,-0.589,126654.69
2017-03-16,-0.255,126332.08
2017-03-17,-0.114,126187.56
2017-03-20,-0.064,126106.44
2017-03-21,-0.828,125062.28
2017-03-22,0.227,125346.6
2017-03-23,-0.294,124978.43
2017-03-24,-0.25,124665.9
2017-03-27,-0.364,124212.72
2017-03-28,0.477,124804.89
2017-03-29,0.044,124860.15
2017-03-30,0.549,125545.91
2017-03-31,-0.415,125025.52
2017-04-03,0.064,125105.52
2017-04-04,-0.511,124465.61
2017-04-05,0.163,124668.78
2017-04-06,-0.349,124233.7
2017-04-07,0.298,124603.51
2017-04-10,-0.61,123843.7
2017-04-11,-0.443,123294.48
2017-04-12,-0.307,122915.36
2017-04-13,-0.314,122529.15
2017-04-17,0.495,123135.13
2017-04-18,-1.002,121901.56
2017-04-19,0.445,122443.88
2017-04-20,0.666,123259.63
2017-04-21,0.243,123559.7
2017-04-24,-0.21,123300.67
2017-04-25,0.006,123307.49
2017-04-26,0.392,123790.93
2017-04-27,0.191,124026.86
2017-04-28,-0.239,123730.64
2017-05-01,-0.083,123627.55
2017-05-02,0.193,123866.39
2017-05-03,-0.026,123834.79
2017-05-04,0.419,124353.53
2017-05-05,-0.632,123567.73
2017-05-08,0.643,124362.47
2017-05-09,0.175,124579.52
2017-05-10,-0.621,123806.04
2017-05-11,-0.156,123613.3
2017-05-12,-0.092,123499.58
2017-05-15,-0.309,123118.5
2017-05-16,-0.567,122420.82
2017-05-17,-0.885,121337.04
2017-05-18,0.594,122058.13
2017-05-19,-1.499,120228.25
2017-05-22,-0.441,119697.95
2017-05-23,0.939,120822.09
2017-05-24,-0.136,120657.74
2017-05-25,1.182,122084.41
2017-05-26,-0.382,121617.44
2017-05-30,0.641,122397.18
2017-05-31,0.534,123050.22
2017-06-01,0.879,124131.92
2017-06-02,0.049,124192.9
2017-06-05,0.015,124211.09
2017-06-06,-0.849,123156.08
2017-06-07,0.497,123767.57
2017-06-08,-0.175,123550.8
2017-06-09,0.019,123573.95
2017-06-12,0.121,123723.76
2017-06-13,-0.57,123018.39
2017-06-14,0.787,123986.23
2017-06-15,-0.593,123251.26
2017-06-16,-0.291,122892.54
2017-06-19,0.411,123397.7
2017-06-20,0.194,123637.08
2017-06-21,0.988,124858.94
2017-06-22,-0.037,124813.32
2017-06-23,0.102,124940.79
2017-06-26,0.106,125073.36
2017-06-27,-0.831,124034.44
2017-06-28,-0.646,123233.75
2017-06-29,-0.87,122161.74
2017-06-30,-1.219,120672.14
2017-07-03,-0.833,119667.48
2017-07-05,0.519,120288.16
2017-07-06,-0.412,119793.04
2017-07-07,0.366,120231.32
2017-07-10,-0.025,120200.8
2017-07-11,-0.192,119969.68
2017-07-12,0.117,120109.99
2017-07-13,-0.423,119601.79
2017-07-14,-0.239,119315.6
2017-07-17,0.256,119620.75
2017-07-18,-0.024,119592.35
2017-07-19,-0.546,118938.85
2017-07-20,0.281,119273.36
2017-07-21,0.591,119978.36
2017-07-24,-0.017,119958.29
2017-07-25,-0.129,119803.06
2017-07-26,-0.293,119452.28
2017-07-27,-0.772,118530.51
2017-07-28,-0.062,118457.57
2017-07-31,-0.11,118327.65
2017-08-01,-0.377,117881.04
2017-08-02,0.055,117946.24
2017-08-03,0.148,118120.53
2017-08-04,-0.299,117767.51
2017-08-07,0.115,117903.03
2017-08-08,-0.067,117824.07
2017-08-09,-0.439,117306.63
2017-08-10,-0.174,117102.11
2017-08-11,0.168,117298.5
2017-08-14,-0.176,117091.62
2017-08-15,0.193,117317.79
2017-08-16,0.758,118207.08
2017-08-17,-0.523,117588.66
2017-08-18,-0.13,117436.04
2017-08-21,0.303,117791.52
2017-08-22,-0.027,117759.29
2017-08-23,0.022,117785.52
2017-08-24,-0.171,117583.79
2017-08-25,0.573,118257.82
2017-08-28,0.629,119002.24
2017-08-29,0.319,119382.21
2017-08-30,-0.466,118825.47
2017-08-31,-0.532,118192.78
2017-09-01,0.391,118655.03
2017-09-05,0.209,118903.52
2017-09-06,0.082,119000.52
2017-09-07,1.254,120492.52
2017-09-08,0.497,121091
2017-09-11,-0.667,120283.92
2017-09-12,-0.496,119687.27
2017-09-13,-0.932,118571.94
2017-09-14,-0.167,118373.5
2017-09-15,0.089,118479.18
2017-09-18,-0.414,117989.11
2017-09-19,0.632,118734.4
2017-09-20,-0.424,118230.57
2017-09-21,-0.041,118182.46
2017-09-22,0.118,118321.33
2017-09-25,0.169,118521
2017-09-26,-0.165,118325.19
2017-09-27,-0.94,117213.16
2017-09-28,0.335,117605.37
2017-09-29,-0.3,117253.04
2017-10-02,-0.481,116688.51
2017-10-03,0.245,116974.06
2017-10-04,0.214,117224.57
2017-10-05,-0.408,116746.11
2017-10-06,-0.027,116715.13
2017-10-09,0.319,117087.92
2017-10-10,0.49,117661.58
2017-10-11,0.294,118007.49
2017-10-12,-0.361,117581.96
2017-10-13,0.018,117602.75
2017-10-16,0.372,118039.75
2017-10-17,-0.322,117660.15
2017-10-18,0.388,118116.49
2017-10-19,-0.328,117729
2017-10-20,0.042,117777.97
2017-10-23,-0.367,117345.19
2017-10-24,0.127,117494.61
2017-10-25,-0.041,117447.02
2017-10-26,0.032,117484.44
2017-10-27,-0.038,117439.94
2017-10-30,0.364,117866.86
2017-10-31,0.55,118515.57
2017-11-01,0.218,118773.77
2017-11-02,-0.256,118469.2
2017-11-03,0.164,118663.94
2017-11-06,0.227,118933.73
2017-11-07,-0.673,118133.23
2017-11-08,-0.053,118070.08
2017-11-09,0.175,118277.04
2017-11-10,-0.484,117704.31
2017-11-13,0.014,117721.08
2017-11-14,-0.054,117657.71
2017-11-15,-0.271,117338.29
2017-11-16,0.034,117378.68
2017-11-17,-0.13,117226.52
2017-11-20,0.181,117439.15
2017-11-21,0.433,117947.72
2017-11-22,0.078,118039.65
2017-11-24,0.89,119090.19
2017-11-27,-0.291,118743.58
2017-11-28,-0.168,118543.53
2017-11-29,-0.836,117552
2017-11-30,0.347,117959.98
2017-12-01,0.462,118504.44
2017-12-04,-0.217,118246.85
2017-12-05,-0.102,118125.91
2017-12-06,-0.436,117610.42
2017-12-07,0.967,118747.82
2017-12-08,0.246,119040.05
2017-12-11,0.412,119530.51
2017-12-12,0.129,119684.96
2017-12-13,-0.626,118935.92
2017-12-14,0.519,119553.13
2017-12-15,0.186,119775.24
2017-12-18,-0.054,119710.13
2017-12-19,0.092,119820.65
2017-12-20,0.321,120205.25
2017-12-21,0.267,120525.63
2017-12-22,0.138,120691.8
2017-12-26,0.575,121385.52
2017-12-27,-0.268,121060.37
2017-12-28,-0.154,120873.47
2017-12-29,0.105,121000.78
2018-01-02,-0.578,120301.12
2018-01-03,0.393,120773.84
2018-01-04,0.661,121572.46
2018-01-05,0.327,121970.24
2018-01-08,0.13,122128.96
2018-01-09,-0.089,122019.68
2018-01-10,-0.348,121594.5
2018-01-11,0.148,121774.63
2018-01-12,0.55,122444.76
2018-01-16,0.34,122861.3
2018-01-17,0.217,123127.48
2018-01-18,0.18,123348.77
2018-01-19,-0.2,123102.43
2018-01-22,0.43,123632.24
2018-01-23,-0.172,123420.07
2018-01-24,0.671,124248.49
2018-01-25,-0.5,123627.67
2018-01-26,0.201,123876.1
2018-01-29,-0.668,123048.51
2018-01-30,-0.662,122234
2018-01-31,1,123456.26
2018-02-01,1.168,124898.49
2018-02-02,-0.704,124018.8
2018-02-05,-0.673,123184.61
2018-02-06,-1.021,121926.87
2018-02-07,-1.236,120420.26
2018-02-08,0.432,120941
2018-02-09,-0.845,119919.41
2018-02-12,-0.061,119845.9
2018-02-13,0.577,120537.25
2018-02-14,1.691,122574.94
2018-02-15,0.593,123301.74
2018-02-16,-0.362,122855.77
2018-02-20,-0.663,122041.83
2018-02-21,-0.468,121470.42
2018-02-22,0.162,121667.66
2018-02-23,-0.126,121514.65
2018-02-26,-0.236,121228.48
2018-02-27,-0.268,120903.43
2018-02-28,-1.863,118651.48
2018-03-01,-1.212,117213.57
2018-03-02,0.767,118113.06
2018-03-05,0.036,118155.06
2018-03-06,0.72,119005.83
2018-03-07,-0.205,118762.1
2018-03-08,-1.284,117237.13
2018-03-09,1.104,118531.19
2018-03-12,-0.252,118232.71
2018-03-13,0.097,118347.5
2018-03-14,-0.092,118238.45
2018-03-15,-0.397,117769.09
2018-03-16,0.14,117933.66
2018-03-19,0.014,117950.64
2018-03-20,0.201,118187.67
2018-03-21,1.423,119869.32
2018-03-22,-0.946,118735.88
2018-03-23,0.927,119836.17
2018-03-26,0.15,120015.64
2018-03-27,-0.875,118965.56
2018-03-28,-0.806,118007.08
2018-03-29,-0.059,117937.81
2018-04-02,-0.21,117690.03
2018-04-03,-0.039,117644.02
2018-04-04,-0.29,117302.57
2018-04-05,-0.062,117229.76
2018-04-06,-0.117,117092.32
2018-04-09,0.476,117650.07
2018-04-10,1.036,118869.29
2018-04-11,0.409,119354.97
2018-04-12,0.014,119371.83
2018-04-13,0.003,119375.84
2018-04-16,0.036,119419.4
2018-04-17,-0.058,119350.73
2018-04-18,0.356,119775.6
2018-04-19,0.3,120134.9
2018-04-20,-0.146,119959.79
2018-04-23,-0.057,119891.73
2018-04-24,-0.209,119641.35
2018-04-25,-0.097,119525.44
2018-04-26,-0.137,119362.11
2018-04-27,-0.399,118885.85
2018-04-30,-0.349,118470.71
2018-05-01,-0.812,117508.17
2018-05-02,0.319,117883.3
2018-05-03,-0.032,117846.02
2018-05-04,0.428,118350.28
2018-05-07,0.224,118615.26
2018-05-08,-0.447,118085.51
2018-05-09,0.884,119129.73
2018-05-10,-0.146,118955.81
2018-05-11,-0.116,118817.96
2018-05-14,0.345,119227.74
2018-05-15,0.148,119404.43
2018-05-16,0.088,119509.31
2018-05-17,-0.007,119501.13
2018-05-18,-0.24,119214.87
2018-05-21,-0.327,118824.48
2018-05-22,-0.012,118810.25
2018-05-23,-0.466,118256.89
2018-05-24,-0.456,117718.1
2018-05-25,-0.652,116950.89
2018-05-29,-0.939,115852.8
2018-05-30,-0.194,115628.43
2018-05-31,-0.465,115091.1
2018-06-01,0.2,115321.24
2018-06-04,-0.267,115013.36
2018-06-05,0.149,115184.71
2018-06-06,-0.218,114933.04
2018-06-07,0.469,115471.98
2018-06-08,-0.117,115336.54
2018-06-11,-0.206,115099.42
2018-06-12,0.482,115654.29
2018-06-13,0.049,115711.48
2018-06-14,0.476,116261.71
2018-06-15,-0.745,115395.19
2018-06-18,0.306,115747.78
2018-06-19,-0.062,115676.42
2018-06-20,0.083,115772.58
2018-06-21,-0.439,115263.85
2018-06-22,0.268,115572.73
2018-06-25,-0.064,115498.53
2018-06-26,0.63,116225.87
2018-06-27,1.095,117498.44
2018-06-28,0.27,117816.01
2018-06-29,-0.456,117279.17
2018-07-02,0.84,118264.76
2018-07-03,-0.276,117938.67
2018-07-05,-0.008,117929.64
2018-07-06,-0.885,116886.13
2018-07-09,0.64,117633.91
2018-07-10,0.482,118201.47
2018-07-11,0.097,118316.68
2018-07-12,0.259,118622.91
2018-07-13,0.533,119255.61
2018-07-16,-1.391,117597.26
2018-07-17,0.732,118458.41
2018-07-18,0.156,118642.81
2018-07-19,0.289,118985.73
2018-07-20,-1.319,117416.84
2018-07-23,0.25,117710.92
2018-07-24,-0.215,117457.55
2018-07-25,-0.589,116766.07
2018-07-26,0.671,117549.37
2018-07-27,-0.339,117150.69
2018-07-30,-0.462,116609.76
2018-07-31,-0.415,116126.38
2018-08-01,-0.017,116106.85
2018-08-02,0.725,116948.81
2018-08-03,-0.568,116284.72
2018-08-06,0.533,116905
2018-08-07,-0.025,116875.89
2018-08-08,-0.944,115772.04
2018-08-09,0.336,116161.57
2018-08-10,1.703,118139.47
2018-08-13,0.177,118347.99
2018-08-14,0.112,118480.15
2018-08-15,0.077,118571.05
2018-08-16,-0.231,118297.47
2018-08-17,-0.22,118037.69
2018-08-20,-0.335,117642.31
2018-08-21,-0.822,116674.91
2018-08-22,0.696,117486.57
2018-08-23,0.996,118656.43
2018-08-24,-0.434,118141.77
2018-08-27,-0.437,117625.63
2018-08-28,0.257,117927.54
2018-08-29,0.195,118157.29
2018-08-30,0.184,118375.1
2018-08-31,0.144,118545.35
2018-09-04,0.719,119397.47
2018-09-05,-0.667,118600.72
2018-09-06,-0.546,117953.1
2018-09-07,0.403,118429.04
2018-09-10,-0.152,118249.02
2018-09-11,0.506,118847.15
2018-09-12,-0.756,117949.1
2018-09-13,-0.593,117250.16
2018-09-14,0.893,118297.69
2018-09-17,-0.004,118292.93
2018-09-18,0.18,118505.51
2018-09-19,-0.283,118170.4
2018-09-20,-1.055,116924.11
2018-09-21,0.061,116995.5
2018-09-24,0.63,117732.85
2018-09-25,-0.025,117703.7
2018-09-26,0.129,117855.16
2018-09-27,0.868,118878.07
2018-09-28,0.417,119373.63
2018-10-01,0.077,119465.36
2018-10-02,-0.292,119116.91
2018-10-03,0.621,119856.51
2018-10-04,-0.286,119513.55
2018-10-05,-0.382,119056.43
2018-10-08,-0.109,118927.13
2018-10-09,-0.168,118726.77
2018-10-10,-0.283,118390.89
2018-10-11,-1.705,116372.59
2018-10-12,-0.056,116307.4
2018-10-15,-0.443,115792.29
2018-10-16,0.384,116236.61
2018-10-17,-0.196,116008.45
2018-10-18,0.062,116080.69
2018-10-19,0.295,116423.42
2018-10-22,0.114,116556.33
2018-10-23,-0.819,115601.45
2018-10-24,0.15,115775.13
2018-10-25,0.487,116338.81
2018-10-26,-0.356,115924.1
2018-10-29,0.317,116292.09
2018-10-30,0.527,116904.72
2018-10-31,0.436,117413.87
2018-11-01,-2.012,115051.98
2018-11-02,-0.023,115025.91
2018-11-05,0.484,115582.6
2018-11-06,0.115,115715.45
2018-11-07,-0.301,115367.21
2018-11-08,0.533,115981.82
2018-11-09,0.795,116904.01
2018-11-12,0.474,117458.16
2018-11-13,0.301,117811.69
2018-11-14,0.916,118890.95
2018-11-15,-1.428,117193.2
2018-11-16,-0.412,116710.67
2018-11-19,1.097,117991.02
2018-11-20,0.512,118594.86
2018-11-21,-0.569,117920.2
2018-11-23,0.624,118655.62
2018-11-26,-0.079,118562.04
2018-11-27,0.378,119010.02
2018-11-28,-0.602,118293.1
2018-11-29,-0.047,118237.53
2018-11-30,-0.104,118114.86
2018-12-03,-1.528,116310.65
2018-12-04,0.255,116607.57
2018-12-06,0.905,117663.14
2018-12-07,-0.97,116522.06
2018-12-10,1.846,118673.33
2018-12-11,-0.339,118270.98
2018-12-12,-0.756,117376.37
2018-12-13,-0.49,116801.26
2018-12-14,0.754,117681.39
2018-12-17,-0.535,117051.31
2018-12-18,2.009,119402.9
2018-12-19,-0.474,118837.35
2018-12-20,0.374,119281.52
2018-12-21,1.032,120511.96
2018-12-24,0.249,120811.84
2018-12-26,-0.584,120106.73
2018-12-27,0.696,120942.28
2018-12-28,-0.741,120046.22
2018-12-31,-0.463,119490.6
2019-01-02,0.365,119926.42
2019-01-03,-0.364,119489.56
2019-01-04,-1.609,117567.57
2019-01-07,-1.019,116369.71
2019-01-08,-0.45,115845.56
2019-01-09,-1.752,113815.97
2019-01-10,0.613,114513.74
2019-01-11,0.32,114880.61
2019-01-14,0.816,115817.7
2019-01-15,-0.094,115708.63
2019-01-16,-0.602,115012.21
2019-01-17,-0.34,114620.96
2019-01-18,-0.712,113805.39
2019-01-22,1.074,115027.74
2019-01-23,-0.257,114731.98
2019-01-24,0.8,115649.45
2019-01-25,-1.201,114260.36
2019-01-28,0.947,115342.44
2019-01-29,-0.098,115228.85
2019-01-30,-1.051,114017.24
2019-01-31,0.678,114790.79
2019-02-01,-0.973,113674.17
2019-02-04,0.086,113772.43
2019-02-05,0.509,114351.26
2019-02-06,0.16,114533.99
2019-02-07,1.351,116081.75
2019-02-08,0.121,116221.7
2019-02-11,0.499,116801.49
2019-02-12,-0.803,115864.02
2019-02-13,-0.179,115656.33
2019-02-14,0.34,116049.72
2019-02-15,-1.217,114637.71
2019-02-19,-0.163,114450.81
2019-02-20,-0.38,114015.64
2019-02-21,-0.248,113732.97
2019-02-22,-0.137,113576.61
2019-02-25,0.873,114567.62
2019-02-26,-0.298,114226.47
2019-02-27,-0.719,113405.64
2019-02-28,0.142,113566.31
2019-03-01,0.652,114306.34
2019-03-04,-0.078,114217.35
2019-03-05,-0.057,114152.29
2019-03-06,1.08,115385.67
2019-03-07,1.182,116749.93
2019-03-08,-0.023,116722.86
2019-03-11,0.146,116893.6
2019-03-12,-0.591,116202.85
2019-03-13,-0.741,115341.97
2019-03-14,-0.128,115194.87
2019-03-15,0.064,115268.33
2019-03-18,-0.107,115144.72
2019-03-19,-0.205,114908.17
2019-03-20,-0.442,114400.58
2019-03-21,0.961,115499.43
2019-03-22,0.733,116346.47
2019-03-25,-0.02,116323.21
2019-03-26,-0.269,116009.78
2019-03-27,0.804,116941.93
2019-03-28,0.399,117408.09
2019-03-29,0.245,117695.91
2019-04-01,-1.264,116208.22
2019-04-02,0.192,116431.19
2019-04-03,-0.714,115599.99
2019-04-04,0.284,115928.7
2019-04-05,-0.274,115611.02
2019-04-08,-0.445,115096.79
2019-04-09,0.215,115344.7
2019-04-10,-0.365,114923.86
2019-04-11,0.37,115348.6
2019-04-12,-0.769,114461.36
2019-04-15,0.392,114909.69
2019-04-16,0.16,115093.64
2019-04-17,0.232,115360.83
2019-04-18,0.826,116314.14
2019-04-22,-0.323,115937.91
2019-04-23,0.529,116550.9
2019-04-24,1.199,117948.77
2019-04-25,-0.564,117283.2
2019-04-26,0.009,117293.2
2019-04-29,-0.25,116999.9
2019-04-30,-0.151,116823.07
2019-05-01,-0.306,116466.05
2019-05-02,-0.248,116177.3
2019-05-03,-0.166,115984.56
2019-05-06,0.443,116498.07
2019-05-07,0.204,116735.56
2019-05-08,-0.089,116631.29
2019-05-09,0.462,117170.03
2019-05-10,0.012,117184.2
2019-05-13,-0.073,117099.23
2019-05-14,-0.602,116394.71
2019-05-15,0.589,117079.84
2019-05-16,-0.248,116789.86
2019-05-17,0.381,117234.27
2019-05-20,-0.99,116073.24
2019-05-21,0.005,116078.75
2019-05-22,0.64,116821.63
2019-05-23,0.553,117467.08
2019-05-24,-1.02,116269.18
2019-05-28,-0.091,116162.81
2019-05-29,0.398,116624.73
2019-05-30,-0.373,116189.55
2019-05-31,0.827,117149.89
2019-06-03,-0.285,116816.33
2019-06-04,-0.498,116234.5
2019-06-05,1.36,117815.69
2019-06-06,-0.525,117196.9
2019-06-07,-0.104,117075.24
2019-06-10,-0.386,116623.57
2019-06-11,-0.434,116117.91
2019-06-12,0.618,116834.98
2019-06-13,0.06,116905.21
2019-06-14,0.406,117380.19
2019-06-17,-0.006,117372.94
2019-06-18,0.109,117500.7
2019-06-19,-0.246,117211.96
2019-06-20,-0.351,116800.14
2019-06-21,-0.603,116095.96
2019-06-24,-0.249,115807.02
2019-06-25,0.138,115967.2
2019-06-26,-1.13,114657.13
2019-06-27,-0.147,114489.12
2019-06-28,-0.106,114367.19
2019-07-01,0.27,114676.31
2019-07-02,1.324,116194.98
2019-07-03,-0.127,116047.03
2019-07-05,-0.806,115112.24
2019-07-08,0.256,115407.15
2019-07-09,-0.357,114994.92
2019-07-10,-1.146,113676.69
2019-07-11,-0.139,113519.08
2019-07-12,-0.147,113352.29
2019-07-15,0.414,113821.35
2019-07-16,0.83,114766.56
2019-07-17,0.677,115544.09
2019-07-18,0.198,115772.63
2019-07-19,-0.005,115766.47
2019-07-22,-0.116,115632.75
2019-07-23,0.035,115673.56
2019-07-24,0.438,116180.25
2019-07-25,-0.143,116013.71
2019-07-26,0.525,116622.93
2019-07-29,0.175,116826.62
2019-07-30,0.044,116878.24
2019-07-31,-0.053,116815.94
2019-08-01,1.669,118765.58
2019-08-02,0.689,119584.21
2019-08-05,0.93,120696.34
2019-08-06,0.372,121144.96
2019-08-07,1.169,122560.91
2019-08-08,-0.932,121418.87
2019-08-09,-0.333,121015.01
2019-08-12,0.745,121916.38
2019-08-13,-1.088,120590.27
2019-08-14,1.194,122030.47
2019-08-15,0.352,122459.7
2019-08-16,-0.316,122072.98
2019-08-19,-0.334,121665.32
2019-08-20,0.136,121830.52
2019-08-21,-0.066,121749.75
2019-08-22,-0.428,121228.74
2019-08-23,1.068,122523.37
2019-08-26,-0.221,122252.72
2019-08-27,0.574,122954.61
2019-08-28,-0.055,122887.41
2019-08-29,-0.454,122329.62
2019-08-30,0.837,123353.41
2019-09-03,0.988,124572.52
2019-09-04,-2.055,122012.98
2019-09-05,-1.389,120317.67
2019-09-06,0.075,120407.46
2019-09-09,-1.352,118779.17
2019-09-10,-1.065,117514.53
2019-09-11,0.678,118311.55
2019-09-12,-0.803,117361.09
2019-09-13,-1.405,115711.68
2019-09-16,-2.33,113015.19
2019-09-17,1.528,114742.32
2019-09-18,0.81,115672.22
2019-09-19,0.017,115692.22
2019-09-20,0.791,116607.76
2019-09-23,0.155,116788.92
2019-09-24,0.432,117293.46
2019-09-25,0.041,117341.09
2019-09-26,0.455,117874.42
2019-09-27,0.036,117916.61
2019-09-30,-0.101,117797.86
2019-10-01,-0.069,117717.06
2019-10-02,0.894,118768.97
2019-10-03,0.397,119240.3
2019-10-04,-0.106,119114.44
2019-10-07,-0.086,119012.53
2019-10-08,0.058,119081.89
2019-10-09,-0.2,118843.42
2019-10-10,-1.055,117589.47
2019-10-11,-2.656,114466.87
2019-10-14,0.47,115004.52
2019-10-15,-0.638,114270.26
2019-10-16,-0.032,114233.87
2019-10-17,-0.818,113299.41
2019-10-18,-0.388,112859.42
2019-10-21,0.034,112897.62
2019-10-22,0.505,113467.46
2019-10-23,-0.197,113243.6
2019-10-24,0.129,113389.67
2019-10-25,-0.284,113068.12
2019-10-28,-0.803,112160.01
2019-10-29,-0.145,111996.97
2019-10-30,0.102,112111.38
2019-10-31,0.968,113196.3
2019-11-01,-0.86,112222.28
2019-11-04,-0.511,111649.37
2019-11-05,-0.849,110701.89
2019-11-06,0.538,111297.73
2019-11-07,-0.492,110749.66
2019-11-08,-0.054,110689.62
2019-11-11,0.257,110973.71
2019-11-12,0.108,111093.17
2019-11-13,0.302,111428.22
2019-11-14,0.413,111888.97
2019-11-15,-0.195,111670.52
2019-11-18,0.514,112244.13
2019-11-19,0.159,112422.9
2019-11-20,0.386,112857.13
2019-11-21,-0.088,112757.7
2019-11-22,-0.24,112487.38
2019-11-25,0.539,113094.24
2019-11-26,0.463,113618.3
2019-11-27,0.085,113715.14
2019-11-29,0.083,113809.16
2019-12-02,-1.042,112623.54
2019-12-03,0.364,113033.94
2019-12-04,-0.238,112764.97
2019-12-05,-0.334,112388.75
2019-12-06,0.095,112495.88
2019-12-09,-0.029,112463.52
2019-12-10,-0.307,112118.32
2019-12-11,0,112118.71
2019-12-12,-0.738,111291.03
2019-12-13,1.066,112477.15
2019-12-16,-0.471,111947.04
2019-12-17,0.164,112130.61
2019-12-18,-0.224,111879.14
2019-12-19,-0.191,111665.64
2019-12-20,0.045,111715.78
2019-12-23,-0.016,111698.18
2019-12-24,0.464,112216.64
2019-12-26,0.149,112384.29
2019-12-27,0.065,112457.29
2019-12-30,-0.682,111690.16
2019-12-31,-0.053,111630.71
2020-01-02,0.458,112141.58
2020-01-03,0.612,112827.68
2020-01-06,0.328,113197.84
2020-01-07,-0.236,112930.57
2020-01-08,-0.826,111997.3
2020-01-09,-0.05,111940.87
2020-01-10,0.158,112117.41
2020-01-13,-0.286,111797.04
2020-01-14,0.46,112311.1
2020-01-15,0.295,112642.69
2020-01-16,0.327,113011.23
2020-01-17,0.031,113046.09
2020-01-21,0.323,113410.73
2020-01-22,-0.644,112679.93
2020-01-23,-0.331,112306.76
2020-01-24,-0.333,111933.11
2020-01-27,-0.293,111604.73
2020-01-28,-0.256,111318.95
2020-01-29,0.173,111511.24
2020-01-30,0.271,111813.47
2020-01-31,0.049,111868.23
2020-02-03,-0.132,111720.14
2020-02-04,-0.675,110965.81
2020-02-05,-0.192,110752.39
2020-02-06,0.011,110764.75
2020-02-07,0.386,111192.41
2020-02-10,0.631,111893.55
2020-02-11,-0.361,111489.34
2020-02-12,-0.532,110896.28
2020-02-13,-0.078,110810.24
2020-02-14,0.086,110905.06
2020-02-18,0.037,110946.12
2020-02-19,0.047,110997.89
2020-02-20,0.504,111556.86
2020-02-21,0.377,111977.01
2020-02-24,1.177,113295.17
2020-02-25,0.433,113785.79
2020-02-26,0.585,114450.97
2020-02-27,0.413,114923.53
2020-02-28,0.565,115572.43
2020-03-02,-1.112,114287.46
2020-03-03,0.037,114329.43
2020-03-04,-0.242,114052.47
2020-03-05,1.252,115480.55
2020-03-06,2.243,118070.29
2020-03-09,3.859,122626.32
2020-03-10,-1.666,120583.37
2020-03-11,0.073,120671.51
2020-03-12,1.299,122239.26
2020-03-13,-0.39,121762.37
2020-03-16,1.604,123716.01
2020-03-17,0.687,124565.64
2020-03-18,1.477,126405.92
2020-03-19,-1.579,124409.49
2020-03-20,1.997,126894.28
2020-03-23,1.287,128527.04
2020-03-24,-1.435,126682.09
2020-03-25,-1.124,125258.17
2020-03-26,0.609,126021.08
2020-03-27,0.251,126337.72
2020-03-30,1.047,127661.06
2020-03-31,-0.599,126896.05
2020-04-01,2.26,129763.55
2020-04-02,-2.443,126594.05
2020-04-03,-1.143,125146.92
2020-04-06,-0.517,124500.22
2020-04-07,-1.092,123140.39
2020-04-08,-0.559,122451.78
2020-04-09,1.093,123790.47
2020-04-13,-0.749,122863.18
2020-04-14,0.66,123673.82
2020-04-15,2.372,126607.94
2020-04-16,-0.16,126405.43
2020-04-17,-1.012,125126.67
2020-04-20,2.513,128271.19
2020-04-21,6.458,136554.52
2020-04-22,-1.979,133852.33
2020-04-23,0.07,133946.43
2020-04-24,0.142,134136.53
2020-04-27,0.124,134303.26
2020-04-28,-0.199,134035.57
2020-04-29,-1.113,132543.15
2020-04-30,-1.434,130642.47
2020-05-01,0.689,131542.49
2020-05-04,-0.078,131440.03
2020-05-05,-2.254,128476.79
2020-05-06,1.323,130176.6
2020-05-07,-0.442,129601.27
2020-05-08,-1.603,127523.89
2020-05-11,1.351,129246.54
2020-05-12,-0.002,129244.29
2020-05-13,1.785,131551.6
2020-05-14,-1.094,130112.1
2020-05-15,-0.777,129101.12
2020-05-18,-3.692,124335.34
2020-05-19,-0.548,123654.45
2020-05-20,-0.723,122760.07
2020-05-21,0.775,123711.64
2020-05-22,1.138,125119.58
2020-05-26,-2.796,121621.7
2020-05-27,1.703,123692.64
2020-05-28,-0.929,122543.14
2020-05-29,-0.79,121574.63
2020-06-01,-0.738,120677
2020-06-02,-1.353,119043.81
2020-06-03,-1.478,117284.3
2020-06-04,-1.061,116039.41
2020-06-05,-2.066,113641.48
2020-06-08,0.549,114265.83
2020-06-09,-0.194,114043.59
2020-06-10,-0.25,113759.05
2020-06-11,3.247,117453.21
2020-06-12,0.371,117888.6
2020-06-15,-0.737,117019.72
2020-06-16,-0.591,116328.22
2020-06-17,0.091,116434.27
2020-06-18,-0.174,116231.35
2020-06-19,-0.372,115798.86
2020-06-22,-0.176,115595.4
2020-06-23,0.253,115887.73
2020-06-24,1.764,117932.34
2020-06-25,0.496,118517.31
2020-06-26,1.046,119756.79
2020-06-29,-1.438,118034.64
2020-06-30,-0.818,117069.2
2020-07-01,-0.932,115977.53
2020-07-02,-0.684,115184.37
2020-07-06,-0.137,115026.17
2020-07-07,-0.278,114706.76
2020-07-08,0.017,114725.87
2020-07-09,0.77,115609.54
2020-07-10,-0.403,115143.27
2020-07-13,1.03,116329.59
2020-07-14,0.743,117193.85
2020-07-15,-1.581,115340.8
2020-07-16,0.59,116021.48
2020-07-17,0.22,116277.18
2020-07-20,0.338,116670.13
2020-07-21,-0.1,116553.91
2020-07-22,0.116,116688.74
2020-07-23,0.084,116786.31
2020-07-24,-0.399,116320.66
2020-07-27,0.494,116894.98
2020-07-28,0.392,117352.86
2020-07-29,-0.058,117285.17
2020-07-30,1.301,118811.23
2020-07-31,-0.629,118064.24
2020-08-03,-1.871,115855.17
2020-08-04,0.142,116020.09
2020-08-05,-0.025,115991.43
2020-08-06,0.426,116485.45
2020-08-07,-0.711,115657.15
2020-08-10,0.011,115669.32
2020-08-11,-0.864,114670.4
2020-08-12,-0.666,113906.25
2020-08-13,-0.635,113183.34
2020-08-14,-0.27,112878.11
2020-08-17,0.29,113205.96
2020-08-18,0.398,113656.16
2020-08-19,-0.78,112769.75
2020-08-20,0.565,113406.68
2020-08-21,-0.422,112928.03
2020-08-24,-0.974,111828.12
2020-08-25,-0.838,110890.83
2020-08-26,0.576,111529.29
2020-08-27,-0.196,111310.73
2020-08-28,1.091,112525.52
2020-08-31,0.608,113209.71
2020-09-01,-0.488,112657.64
2020-09-02,0.323,113021.74
2020-09-03,0.036,113062.21
2020-09-04,0.226,113317.26
2020-09-08,0.535,113922.99
2020-09-09,-0.293,113589.37
2020-09-10,-0.054,113528.58
2020-09-11,0.309,113879.15
2020-09-14,0.16,114061.82
2020-09-15,-0.243,113784.55
2020-09-16,-0.652,113042.44
2020-09-17,-0.079,112953.14
2020-09-18,0.191,113168.83
2020-09-21,-0.181,112963.62
2020-09-22,-0.279,112648.52
2020-09-23,-1.234,111258.89
2020-09-24,-0.166,111074.64
2020-09-25,-0.315,110724.86
2020-09-28,0.105,110841.35
2020-09-29,0.873,111809.41
2020-09-30,-0.025,111781.79
2020-10-01,0.313,112131.37
2020-10-02,0.742,112962.84
2020-10-05,-0.865,111985.88
2020-10-06,-0.742,111154.64
2020-10-07,0.525,111738.09
2020-10-08,-0.372,111322.28
2020-10-09,1.125,112575.21
2020-10-12,0.382,113005.18
2020-10-13,-0.529,112407.25
2020-10-14,0.168,112595.69
2020-10-15,0.236,112861.92
2020-10-16,0.337,113241.71
2020-10-19,0.683,114015.24
2020-10-20,-0.129,113868.52
2020-10-21,1.443,115511.3
2020-10-22,-0.987,114371.3
2020-10-23,0.505,114949.08
2020-10-26,0.249,115235.74
2020-10-27,-0.136,115078.96
2020-10-28,-0.082,114984.3
2020-10-29,-0.562,114338.5
2020-10-30,-0.077,114250.89
2020-11-02,-0.003,114247.99
2020-11-03,-0.12,114110.64
2020-11-04,-0.027,114079.36
2020-11-05,1.016,115238.14
2020-11-06,0.68,116022.3
2020-11-09,-3.55,111903.65
2020-11-10,0,111904.01
2020-11-11,-0.334,111530.77
2020-11-12,0.392,111968.18
2020-11-13,1.267,113386.94
2020-11-16,-0.132,113237.41
2020-11-17,0.238,113506.59
2020-11-18,0.035,113546.74
2020-11-19,-0.21,113308.84
2020-11-20,0.146,113474.43
2020-11-23,-0.835,112527.14
2020-11-24,-0.748,111685.67
2020-11-25,-0.784,110810.39
2020-11-27,0.891,111797.26
2020-11-30,-0.617,111107.87
2020-12-01,0.256,111392.6
2020-12-02,0.22,111637.65
2020-12-03,1.334,113126.876
2020-12-04,-0.708,112325.978
2020-12-07,0.733,113149.123
2020-12-08,-0.786,112259.236
2020-12-09,0.793,113149.123
2020-12-10,-0.61,112459.461
2020-12-11,0.218,112704.179
2020-12-14,0.231,112964.916
2020-12-15,0.439,113460.583
2020-12-16,-0.207,113226.098
2020-12-17,0.993,114350.025
2020-12-18,-0.62,113641.23
2020-12-21,0.487,114194.74
2020-12-22,-1.114,112922.647
2020-12-23,1.831,114989.854
2020-12-24,-0.537,114372.717
2020-12-28,-0.973,113260.359
2020-12-29,2.691,116308.222
2020-12-30,1.282,117798.782
2020-12-31,-0.109,117670.638
2021-01-04,-0.297,117321.358
2021-01-05,2,119667.545
2021-01-06,-0.603,118946.291
2021-01-07,-0.983,117776.535
2021-01-08,-0.246,117487.322
2021-01-11,-1.666,115529.57
2021-01-12,2.528,118450.624
2021-01-13,-0.563,117783.654
2021-01-14,1.799,119902.475
2021-01-15,-1.884,117643.052
2021-01-19,0.95,118760.305
2021-01-20,0.083,118858.637
2021-01-21,0.468,119414.372
2021-01-22,-1.521,117598.558
2021-01-25,0.296,117946.503
2021-01-26,1.12,119267.096
2021-01-27,-1.138,117910.018
2021-01-28,-0.074,117822.809
2021-01-29,0.448,118350.957
2021-02-01,-0.73,117487.322
2021-02-02,0,117486.877
2021-02-03,0.728,118342.058
2021-02-04,-0.76,117442.827
2021-02-05,1.118,118755.411
2021-02-08,1.068,120023.499
2021-02-09,0.723,120891.139
2021-02-10,-0.497,120290.466
2021-02-11,0,120290.466
2021-02-12,0.406,120778.569
2021-02-16,1.216,122247.327
2021-02-17,-0.691,121402.824
2021-02-18,0.953,122559.677
2021-02-19,0.767,123500.288
2021-02-22,1.726,125632.457
2021-02-23,0.511,126274.955
2021-02-24,1.354,127985.318
2021-02-25,-0.107,127848.72
2021-02-26,-2.049,125229.338
2021-03-01,-1.347,123543.002
2021-03-02,0.175,123759.69
2021-03-03,0.379,124229.105
2021-03-04,0.375,124695.406
2021-03-05,0.785,125674.281
2021-03-08,-0.531,125006.866
2021-03-09,-0.801,124005.743
2021-03-10,0.09,124116.979
2021-03-11,1.04,125407.315
2021-03-12,0.798,126408.438
2021-03-15,-0.212,126140.582
2021-03-16,-0.334,125718.776
2021-03-17,-0.159,125518.551
2021-03-18,-1.575,123541.667
2021-03-19,0.309,123923.429
2021-03-22,-0.221,123649.789
2021-03-23,-1.763,121469.566
2021-03-24,0.366,121914.509
2021-03-25,-1.241,120401.701
2021-03-26,1.147,121783.251
2021-03-29,1.204,123249.34
2021-03-30,-1.011,122003.498
2021-03-31,0.659,122807.511
2021-04-01,-0.401,122314.958
2021-04-05,0.218,122581.924
2021-04-06,0.073,122670.913
2021-04-07,-0.104,122543.659
2021-04-08,-0.404,122047.992
2021-04-09,0.711,122915.632
2021-04-12,-0.597,122181.475
2021-04-13,-0.146,122003.498
2021-04-14,2.079,124539.676
2021-04-15,-0.089,124428.44
2021-04-16,0.125,124584.17
2021-04-19,-0.143,124406.193
2021-04-20,0.572,125118.102
2021-04-21,-0.124,124962.372
2021-04-22,1.05,126274.955
2021-04-23,0.211,126541.921
2021-04-26,1.248,128121.471
2021-04-27,0.903,129278.324
2021-04-28,-0.645,128444.499
2021-04-29,1.1,129856.75
2021-04-30,0.308,130257.199
2021-05-03,-0.598,129478.548
2021-05-04,0.653,130324.386
2021-05-05,0.484,130955.315
2021-05-06,0.129,131124.839
2021-05-07,0.475,131747.76
2021-05-10,-0.473,131124.839
2021-05-11,1.175,132665.233
2021-05-12,2.02,135345.573
2021-05-13,-3.414,130724.39
2021-05-14,0.069,130814.713
2021-05-17,0.815,131881.243
2021-05-18,-0.106,131741.531
2021-05-19,-0.865,130602.03
2021-05-20,-1.475,128675.87
2021-05-21,0.753,129644.512
2021-05-24,0.452,130230.947
2021-05-25,-1.227,128633.156
2021-05-26,1.057,129992.903
2021-05-27,0.477,130613.154
2021-05-28,-0.263,130270.103
2021-06-01,1.886,132726.635
2021-06-02,-0.536,132014.726
2021-06-03,0.135,132192.703
2021-06-04,0.37,132682.141
2021-06-07,-0.889,131503.041
2021-06-08,0.66,132370.681
2021-06-09,-0.958,131102.592
2021-06-10,0.119,131258.322
2021-06-11,-0.102,131124.839
2021-06-14,0.119,131280.569
2021-06-15,-0.195,131024.727
2021-06-16,-0.516,130348.413
2021-06-17,-2.687,126845.818
2021-06-18,-0.902,125701.868
2021-06-21,0.261,126030.236
2021-06-22,-0.616,125253.81
2021-06-23,1.259,126831.134
2021-06-24,0.947,128032.482
2021-06-25,-0.017,128010.235
2021-06-28,0.017,128032.482
2021-06-29,0.087,128143.718
2021-06-30,1.444,129994.683
2021-07-01,-0.181,129758.862
2021-07-02,-0.147,129567.537
2021-07-06,-1.957,127031.359
2021-07-07,-1.127,125599.976
2021-07-08,0.289,125963.495
2021-07-09,0.81,126984.195
2021-07-12,-0.541,126297.202
2021-07-13,0.722,127209.336
2021-07-14,-1.242,125629.787
2021-07-15,0.213,125896.753
2021-07-16,0.124,126052.483
2021-07-19,-2.405,123021.529
2021-07-20,0.963,124205.968
2021-07-21,0.105,124336.781
2021-07-22,1.702,126452.933
2021-07-23,0.053,126519.674
2021-07-26,0.862,127609.786
2021-07-27,-1.081,126230.461
2021-07-28,0.652,127053.606
2021-07-29,0.35,127498.55
2021-07-30,-0.925,126319.449
2021-08-02,0.915,127474.968
2021-08-03,-1.029,126163.719
2021-08-04,-0.476,125563.046
2021-08-05,0.751,126506.326
2021-08-06,-0.12,126355.045
2021-08-09,-1.067,125007.311
2021-08-10,1.726,127164.397
2021-08-11,0.893,128299.448
2021-08-12,0.139,128477.425
2021-08-13,-0.208,128210.014
2021-08-16,-0.399,127698.774
2021-08-17,-0.906,126541.921
2021-08-18,-0.422,126007.544
2021-08-19,-0.794,125007.311
2021-08-20,-1.282,123404.625
2021-08-23,0.917,124536.116
2021-08-24,0.896,125652.034
2021-08-25,0.885,126763.948
2021-08-26,0.173,126982.86
2021-08-27,0.64,127795.772
2021-08-30,-0.541,127104.775
2021-08-31,-0.976,125864.272
2021-09-01,-0.717,124961.927
2021-09-02,0.712,125852.259
2021-09-03,-0.212,125585.293
2021-09-07,-0.584,124851.581
2021-09-08,0.245,125157.257
2021-09-09,-0.245,124850.246
2021-09-10,0.426,125382.399
2021-09-13,0.393,125875.396
2021-09-14,0.229,126163.719
2021-09-15,1.199,127676.082
2021-09-16,-0.47,127075.853
2021-09-17,-0.438,126519.674
2021-09-20,-0.053,126452.933
2021-09-21,-1.056,125118.102
2021-09-22,0.942,126297.202
2021-09-23,0.81,127320.572
2021-09-24,0.332,127743.714
2021-09-27,0.743,128693.223
2021-09-28,-0.289,128321.695
2021-09-29,0.294,128699.452
2021-09-30,0.225,128988.665
2021-10-01,-0.086,128878.319
2021-10-04,1.363,130635.401
2021-10-05,0.715,131569.782
2021-10-06,-0.49,130924.614
2021-10-07,0.085,131035.85
2021-10-08,0.407,131569.782
2021-10-11,1.609,133687.268
2021-10-12,-1.168,132125.962
2021-10-13,-0.708,131190.691
2021-10-14,0.357,131658.771
2021-10-15,1.149,133171.579
2021-10-18,-0.167,132948.662
2021-10-19,-0.067,132860.118
2021-10-20,0.084,132971.354
2021-10-21,0.111,133118.631
2021-10-22,-0.194,132860.118
2021-10-25,0.335,133305.062
2021-10-26,-0.033,133260.568
2021-10-27,-0.668,132370.681
2021-10-28,-0.699,131444.753
2021-10-29,1.869,133900.841
2021-11-01,-0.617,133074.581
2021-11-02,-0.027,133038.096
2021-11-03,-1.555,130969.999
2021-11-04,0.236,131279.679
2021-11-05,-0.966,130012.035
2021-11-08,0.891,131170.223
2021-11-09,-0.58,130409.815
2021-11-10,1.795,132751.107
2021-11-11,0.073,132847.66
2021-11-12,-0.946,131591.585
2021-11-15,0.82,132671.017
2021-11-16,1.523,134691.506
2021-11-17,-1.542,132614.955
2021-11-18,-0.135,132436.532
2021-11-19,-0.036,132388.478
2021-11-22,0.833,133491.493
2021-11-23,1.115,134980.274
2021-11-24,0.17,135210.31
2021-11-26,-4.033,129756.638
2021-11-29,-0.267,129410.027
2021-11-30,-2.074,126726.573
2021-12-01,-0.817,125691.189
2021-12-02,0.641,126496.982
2021-12-03,-0.419,125967.054
2021-12-06,0.668,126808.442
2021-12-07,0.772,127786.873
2021-12-08,0.405,128303.897
2021-12-09,-0.524,127631.588
2021-12-10,0.113,127776.194
2021-12-13,0.022,127803.781
2021-12-14,-0.082,127698.774
2021-12-15,-0.706,126797.764
2021-12-16,-0.132,126630.02
2021-12-17,-0.008,126620.231
2021-12-20,-0.234,126323.454
2021-12-21,0.702,127209.781
2021-12-22,0.175,127431.808
2021-12-23,0.174,127653.835
2021-12-27,0.313,128053.839
2021-12-28,0.001,128054.729
2021-12-29,-0.214,127781.191
2021-12-30,-0.615,126995.406
2021-12-31,-0.805,125972.886
2022-01-03,0.717,126876.088
2022-01-04,0.442,127437.499
2022-01-05,-0.053,127369.997
2022-01-06,0.359,127826.827
2022-01-07,-0.279,127470.775
2022-01-10,-0.317,127066.711
2022-01-11,0.299,127446.531
2022-01-12,-0.341,127012.519
2022-01-13,-0.615,126231.487
2022-01-14,1.158,127692.772
2022-01-18,1.137,129144.075
2022-01-19,0.08,129247.706
2022-01-20,0.262,129585.693
2022-01-21,-0.494,128944.895
2022-01-24,0.248,129265.294
2022-01-25,0.542,129965.989
2022-01-26,1.382,131761.934
2022-01-27,0.901,132949.407
2022-01-28,-0.027,132913.279
2022-01-31,-0.446,132320.969
2022-02-01,0.436,132898.067
2022-02-02,0.369,133389.124
2022-02-03,0.454,133994.744
2022-02-04,1.373,135834.899
2022-02-07,-0.837,134697.34
2022-02-08,0.288,135085.717
2022-02-09,-0.235,134767.695
2022-02-10,0.815,135866.274
2022-02-11,0.001,135867.224
2022-02-14,1.482,137880.889
2022-02-15,-1.018,136476.648
2022-02-16,-0.033,136431.012
2022-02-17,-0.679,135504.042
2022-02-18,0.369,136004.131
2022-02-22,1.156,137576.653
2022-02-23,0.68,138511.704
2022-02-24,1.381,140425.066
2022-02-25,-2.851,136421.03
2022-02-28,0.825,137547.18
2022-03-01,2.087,140418.411
2022-03-02,2.602,144072.575
2022-03-03,1.883,146785.984
2022-03-04,1.196,148541.523
2022-03-07,1.803,151219.754
2022-03-08,1.806,153951.226
2022-03-09,-5.174,145985.937
2022-03-10,0.219,146306.336
2022-03-11,1.486,148481.151
2022-03-14,-0.286,148056.646
2022-03-15,-1.459,145896.092
2022-03-16,-1.014,144417.218
2022-03-17,2.282,147712.954
2022-03-18,0.15,147934.951
2022-03-21,2.862,152168.116
2022-03-22,0.28,152593.571
2022-03-23,0.634,153560.473
2022-03-24,0.604,154487.918
2022-03-25,1.201,156343.285
2022-03-28,-2.459,152498.497
2022-03-29,-1.472,150253.328
2022-03-30,1.02,151785.443
2022-03-31,-1.104,150109.766
2022-04-01,0.008,150121.175
2022-04-04,0.948,151543.956
2022-04-05,1.418,153692.15
2022-04-06,0.12,153877.069
2022-04-07,0.335,154393.32
2022-04-08,1.277,156365.627
2022-04-11,0.68,157429.504
2022-04-12,1.411,159651.381
2022-04-13,1.026,161289.503
2022-04-14,2.301,165000.712
2022-04-18,1.948,168214.209
2022-04-19,-1.799,165188.483
2022-04-20,-1.321,163007.013
2022-04-21,1.377,165251.232
2022-04-22,-1.367,162992.277
2022-04-25,-1.527,160503.718
2022-04-26,1.736,163289.382
2022-04-27,1.189,165230.791
2022-04-28,0.869,166665.931
2022-04-29,-1.147,164753.995
2022-05-02,1.99,168033.093
2022-05-03,0.063,168138.15
2022-05-04,0.546,169056.564
2022-05-05,1.956,172362.758
2022-05-06,0.445,173129.529
2022-05-09,-2.965,167995.539
2022-05-10,-0.654,166896.485
2022-05-11,1.371,169183.963
2022-05-12,0.618,170229.775
2022-05-13,0.059,170329.603
2022-05-16,1.197,172368.938
2022-05-17,0.5,173231.258
2022-05-18,-1.582,170491.229
2022-05-19,-2.021,167044.801
2022-05-20,1.238,169112.182
2022-05-23,0.256,169545.243
2022-05-24,-0.914,167995.539
2022-05-25,0.606,169013.305
2022-05-26,-0.237,168613.519
2022-05-27,-0.143,168372.507
2022-05-31,-0.28,167900.465
2022-06-01,2.333,171817.509
2022-06-02,-1.311,169564.258
2022-06-03,1.598,172273.864
2022-06-06,2.897,177265.242
2022-06-07,-0.134,177027.558
2022-06-08,0.043,177104.092
2022-06-09,1.138,179119.183
2022-06-10,1.168,181210.808
2022-06-13,1.889,184633.468
2022-06-14,-0.463,183777.803
2022-06-15,-3.414,177502.927
2022-06-16,0.884,179071.646
2022-06-17,-1.115,177075.094
2022-06-21,0.832,178548.74
2022-06-22,-2.716,173699.972
2022-06-23,-1.888,170419.923
2022-06-24,0.53,171323.125
2022-06-27,0.555,172273.864
2022-06-28,1.242,174413.026
2022-06-29,-1.199,172321.401
2022-06-30,-3.972,165476.082
2022-07-01,0.689,166616.968
2022-07-05,-2.996,161625.59
2022-07-06,-0.765,160389.629
2022-07-07,3.142,165428.545
2022-07-08,1.638,168138.15
2022-07-11,1.103,169992.091
2022-07-12,-3.104,164715.491
2022-07-13,0.75,165951.451
2022-07-14,1.375,168233.224
2022-07-15,-0.254,167805.392
2022-07-18,0.567,168756.13
2022-07-19,-0.169,168470.909
2022-07-20,-0.48,167662.781
2022-07-21,-0.397,166997.264
2022-07-22,-2.2,163324.084
2022-07-25,1.609,165951.451
2022-07-26,0.458,166712.042
2022-07-27,-1.283,164572.88
2022-07-28,-1.415,162243.57
2022-07-29,-0.557,161340.368
2022-08-01,-2.18,157822.635
2022-08-02,2.169,161245.294
2022-08-03,0.088,161387.905
2022-08-04,-2.68,157062.044
2022-08-05,1.877,160009.334
2022-08-08,-0.297,159533.964
2022-08-09,1.341,161673.126
2022-08-10,-2.352,157870.171
2022-08-11,2.981,162576.328
2022-08-12,-0.694,161447.801
2022-08-15,-0.037,161387.905
2022-08-16,0.854,162766.476
2022-08-17,2.22,166379.283
2022-08-18,1.8,169374.11
2022-08-19,0.786,170705.145
2022-08-22,0.947,172321.401
2022-08-23,0.386,172986.918
2022-08-24,0.247,173414.75
2022-08-25,-0.713,172178.79
2022-08-26,0.552,173129.529
2022-08-29,1.098,175031.006
2022-08-30,-0.081,174888.395
2022-08-31,0.272,175363.765
2022-09-01,0.434,176124.356
2022-09-02,0,176124.356
2022-09-06,0.891,177693.075
2022-09-07,-3.13,172131.253
2022-09-08,1.132,174080.267
2022-09-09,-0.505,173201.309
2022-09-12,0.041,173272.139
2022-09-13,2.469,177550.464
2022-09-14,-0.602,176480.883
2022-09-15,-0.067,176362.04
2022-09-16,-1.078,174460.563
2022-09-19,1.308,176742.336
2022-09-20,0.35,177360.316
2022-09-21,-0.188,177027.558
2022-09-22,0.725,178311.055
2022-09-23,1.706,181353.419
2022-09-26,2.385,185679.28
2022-09-27,0.333,186297.26
2022-09-28,-3.19,180355.143
2022-09-29,1.239,182589.379
2022-09-30,-0.13,182351.695
2022-10-03,-2.086,178548.74
2022-10-04,-1.944,175078.543
2022-10-05,2.567,179573.636
2022-10-06,2.421,183920.414
2022-10-07,1.008,185774.354
2022-10-10,0.768,187200.462
2022-10-11,0.495,188127.433
2022-10-12,-0.366,187438.147
2022-10-13,-0.457,186582.482
2022-10-14,1.758,189862.531
2022-10-17,-2.228,185631.743
2022-10-18,-1.127,183540.118
2022-10-19,1.14,185631.743
2022-10-20,0.128,185869.428
2022-10-21,-1.1,183825.34
2022-10-24,-0.31,183254.896
2022-10-25,-1.582,180355.143
2022-10-26,-1.977,176789.873
2022-10-27,-0.834,175316.228
2022-10-28,1.247,177502.927
2022-10-31,1.285,179784.7
2022-11-01,-0.423,179024.109
2022-11-02,1.062,180925.586
2022-11-03,1.629,183872.877
2022-11-04,-1.499,181115.734
2022-11-07,-0.026,181068.197
2022-11-08,-1.286,178738.887
2022-11-09,-0.426,177978.296
2022-11-10,-5.182,168756.13
2022-11-11,-1.07,166949.727
2022-11-14,0.626,167995.539
2022-11-15,-1.245,165903.914
2022-11-16,-1.203,163907.363
2022-11-17,1.334,166094.062
2022-11-18,0.315,166616.968
2022-11-21,0.314,167139.874
2022-11-22,-0.995,165476.082
2022-11-23,-2.758,160912.535
2022-11-25,0.359,161490.109
2022-11-28,1.173,163384.456
2022-11-29,0.466,164145.047
2022-11-30,-1.477,161720.663
2022-12-01,-2.41,157822.635
2022-12-02,-0.211,157489.876
2022-12-05,1.57,159961.797
2022-12-06,-0.357,159391.353
2022-12-07,-0.952,157873.974
2022-12-08,0.118,158060.319
2022-12-09,1.143,159866.723
2022-12-12,0.178,160151.944
2022-12-13,-1.276,158107.856
2022-12-14,-0.12,157917.708
2022-12-15,1.927,160960.072
2022-12-16,0.768,162196.033
2022-12-19,0.234,162576.328
2022-12-20,0.249,162980.868
2022-12-21,0.189,163289.382
2022-12-22,0.815,164620.417
2022-12-23,-0.058,164525.343
2022-12-27,-0.607,163527.067
2022-12-28,1.447,165892.98
2022-12-29,-0.778,164602.821
2022-12-30,-0.229,164226.525
2023-01-03,0.622,165247.901
2023-01-04,-1.074,163473.932
2023-01-05,1.282,165570.441
2023-01-06,-2.435,161538.693
2023-01-09,-0.599,160571.073
2023-01-10,0.971,162130.016
2023-01-11,-1.89,159065.888
2023-01-12,-1.487,156700.596
2023-01-13,0.48,157453.189
2023-01-17,-0.405,156816.172
2023-01-18,-0.519,156001.759
2023-01-19,0.172,156270.543
2023-01-20,0.447,156969.379
2023-01-23,-0.445,156270.543
2023-01-24,-0.069,156163.029
2023-01-25,0.12,156351.177
2023-01-26,0.842,157668.215
2023-01-27,0.239,158044.512
2023-01-30,0.952,159549.697
2023-01-31,-0.034,159495.941
2023-02-01,-0.303,159012.131
2023-02-02,-0.811,157721.972
2023-02-03,0.273,158152.025
2023-02-06,0.68,159227.158
2023-02-07,-0.473,158474.565
2023-02-08,0.611,159442.184
2023-02-09,0.067,159549.697
2023-02-10,-0.539,158689.591
2023-02-13,0.779,159925.994
2023-02-14,0.286,160382.925
2023-02-15,0.218,160732.343
2023-02-16,0.569,161646.206
2023-02-17,0.166,161914.989
2023-02-21,1.859,164925.361
2023-02-22,-0.75,163688.958
2023-02-23,-0.854,162291.286
2023-02-24,0.265,162721.339
2023-02-27,0.297,163205.149
2023-02-28,-0.56,162291.286
2023-03-01,0.596,163258.905
2023-03-02,0.23,163635.202
2023-03-03,-1.15,161753.719
2023-03-06,1.163,163635.202
2023-03-07,0.591,164602.821
2023-03-08,0.131,164817.848
2023-03-09,0.489,165624.197
2023-03-10,-2.272,161861.233
2023-03-13,-2.989,157023.135
2023-03-14,1.438,159280.914
2023-03-15,-0.675,158205.781
2023-03-16,0.51,159012.131
2023-03-17,-1.149,157184.405
2023-03-20,0.034,157238.162
2023-03-21,1.026,158850.861
2023-03-22,0,158850.861
2023-03-23,-0.643,157829.485
2023-03-24,-0.647,156808.109
2023-03-27,0.788,158044.512
2023-03-28,0.136,158259.538
2023-03-29,0.713,159388.427
2023-03-30,0.641,160409.804
2023-03-31,-1.206,158474.565
2023-04-03,-0.78,157238.162
2023-04-04,0.274,157668.215
2023-04-05,-0.205,157345.675
2023-04-06,1.025,158958.374
2023-04-10,-0.271,158528.321
2023-04-11,0.594,159470.675
2023-04-12,0.454,160194.777
2023-04-13,0.369,160786.1
2023-04-14,-0.368,160194.777
2023-04-17,-0.369,159603.454
2023-04-18,0.182,159893.202
2023-04-19,1.164,161753.719
2023-04-20,0.631,162775.096
2023-04-21,0.033,162828.852
2023-04-24,0.462,163581.445
2023-04-25,-0.131,163366.419
2023-04-26,1.349,165570.441
2023-04-27,0.487,166376.79
2023-04-28,-0.42,165677.954
2023-05-01,0,165677.954
2023-05-02,0.649,166753.087
2023-05-03,0.645,167828.219
2023-05-04,-0.192,167505.68
2023-05-05,-0.129,167290.115
2023-05-08,-0.45,166538.06
2023-05-09,-0.194,166215.52
2023-05-10,0.032,166269.277
2023-05-11,-0.291,165785.467
2023-05-12,0.486,166591.817
2023-05-15,-0.904,165086.631
2023-05-16,0.195,165409.171
2023-05-17,0,165409.171
2023-05-18,-0.195,165086.631
2023-05-19,0.847,166484.303
2023-05-22,0.194,166806.843
2023-05-23,-0.387,166161.764
2023-05-24,-0.226,165785.467
2023-05-25,1.038,167505.68
2023-05-26,-0.096,167344.41
2023-05-30,1.028,169064.622
2023-05-31,-0.604,168043.246
2023-06-01,-0.128,167828.219
2023-06-02,-1.057,166054.25
2023-06-05,0.162,166323.034
2023-06-06,-0.291,165839.224
2023-06-07,-0.032,165785.467
2023-06-08,0.292,166269.277
2023-06-09,0.194,166591.817
2023-06-12,0.613,167613.193
2023-06-13,-0.032,167559.436
2023-06-14,0.16,167828.219
2023-06-15,-2.05,164387.795
2023-06-16,-0.719,163205.149
2023-06-20,-0.066,163097.635
2023-06-21,-1.088,161323.666
2023-06-22,1.233,163312.662
2023-06-23,-1.152,161431.18
2023-06-26,-0.533,160571.073
2023-06-27,1.272,162613.826
2023-06-28,0,162613.826
2023-06-29,0.694,163742.715
2023-06-30,0.027,163787.333
2023-07-03,0.793,165086.631
2023-07-05,0.163,165355.414
2023-07-06,1.219,167371.288
2023-07-07,0.466,168150.759
2023-07-10,-0.256,167720.706
2023-07-11,-0.16,167451.923
2023-07-12,-0.321,166914.357
2023-07-13,-0.29,166430.547
2023-07-14,0.549,167344.41
2023-07-17,0.064,167451.923
2023-07-18,-0.706,166269.277
2023-07-19,-1.132,164387.795
2023-07-20,-0.033,164334.038
2023-07-21,0.556,165247.901
2023-07-24,-1.334,163043.879
2023-07-25,-0.002,163040.653
2023-07-26,1.123,164871.604
2023-07-27,-0.456,164119.011
2023-07-28,-0.066,164011.498
2023-07-31,0.558,164926.974
2023-08-01,0.944,166484.303
2023-08-02,-0.71,165301.657
2023-08-03,0.813,166645.573
2023-08-04,-0.968,165032.874
2023-08-07,-0.195,164710.334
2023-08-08,-0.946,163151.392
2023-08-09,-0.099,162990.122
2023-08-10,0.956,164549.065
2023-08-11,1.111,166376.79
2023-08-14,0.065,166484.303
2023-08-15,0.662,167586.315
2023-08-16,0.048,167666.949
2023-08-17,0.513,168527.056
2023-08-18,-0.478,167720.706
2023-08-21,0.737,168957.109
2023-08-22,-0.286,168473.299
2023-08-23,-1.244,166376.79
2023-08-24,0.065,166484.303
2023-08-25,1.421,168849.596
2023-08-28,-0.032,168795.839
2023-08-29,-0.159,168527.056
2023-08-30,-0.223,168150.759
2023-08-31,-0.48,167344.41
2023-09-01,0.932,168903.352
2023-09-05,1.687,171752.454
2023-09-06,0.031,171806.211
2023-09-07,0.031,171859.967
2023-09-08,0.532,172773.83
2023-09-11,0.28,173257.64
2023-09-12,0.062,173365.153
2023-09-13,-0.279,172881.343
2023-09-14,0.311,173418.91
2023-09-15,-0.186,173096.37
2023-09-18,0.497,173956.476
2023-09-19,0.216,174332.772
2023-09-20,-0.709,173096.37
2023-09-21,0.807,174494.042
2023-09-22,-0.524,173580.18
2023-09-25,0.359,174202.681
2023-09-26,0.044,174279.016
2023-09-27,0.771,175622.932
2023-09-28,-0.122,175407.905
2023-09-29,-0.184,175085.365
2023-10-02,0.614,176160.498
2023-10-03,0.214,176536.795
2023-10-04,-1.523,173848.963
2023-10-05,-1.67,170946.104
2023-10-06,0.095,171107.912
2023-10-09,-0.22,170731.078
2023-10-10,-0.378,170085.998
2023-10-11,-0.948,168473.299
2023-10-12,1.723,171376.157
2023-10-13,0,171376.157
2023-10-16,0.69,172558.803
2023-10-17,1.121,174494.042
2023-10-18,0.801,175891.715
2023-10-19,0.55,176859.334
2023-10-20,-0.213,176483.038
2023-10-23,-1.371,174063.989
2023-10-24,-0.309,173526.423
2023-10-25,1.456,176052.985
2023-10-26,-1.344,173687.693
2023-10-27,0.31,174225.259
2023-10-30,-0.278,173741.449
2023-10-31,0.093,173902.719
2023-11-01,-0.556,172935.1
2023-11-02,-0.839,171483.671
2023-11-03,-2.351,167451.923
2023-11-06,1.316,169655.945
2023-11-07,-0.792,168312.029
2023-11-08,-0.798,166968.113
2023-11-09,1.417,169333.405
2023-11-10,0.413,170032.242
2023-11-13,0.285,170516.051
2023-11-14,-2.932,165516.684
2023-11-15,0.877,166968.113
2023-11-16,-1.159,165032.874
2023-11-17,0.033,165086.631
2023-11-20,0.521,165946.737
2023-11-21,0.162,166215.52
2023-11-22,0.065,166323.034
2023-11-24,0,166323.034
2023-11-27,-0.259,165892.98
2023-11-28,-0.629,164849.027
2023-11-29,-0.671,163742.715
2023-11-30,-0.066,163635.202
2023-12-01,-2.365,159764.724
2023-12-04,0.707,160893.613
2023-12-05,-1.37,158689.591
2023-12-06,-0.474,157936.998
2023-12-07,-0.919,156485.569
2023-12-08,1.168,158313.295
2023-12-11,1.121,160087.264
2023-12-12,-0.94,158582.078
2023-12-13,-1.458,156270.543
2023-12-14,-0.688,155195.41
2023-12-15,-0.52,154389.06
2023-12-18,0.418,155034.14
2023-12-19,0.312,155517.95
2023-12-20,0.104,155679.22
2023-12-21,-0.691,154604.087
2023-12-22,-0.035,154550.33
2023-12-26,-0.104,154389.06
2023-12-27,0.453,155087.897
2023-12-28,-0.485,154335.304
2023-12-29,0.383,154926.627
2024-01-02,-0.555,154066.52
2024-01-03,0.349,154604.087
2024-01-04,-0.243,154227.79
2024-01-05,0.209,154550.33
2024-01-08,0.278,154980.383
2024-01-09,-0.624,154012.764
2024-01-10,0.454,154711.6
2024-01-11,-0.069,154604.087
2024-01-12,0.452,155302.923
2024-01-16,-0.692,154227.79
2024-01-17,-0.593,153313.928
2024-01-18,-0.421,152668.848
2024-01-19,0.845,153959.007
2024-01-22,0.314,154442.817
2024-01-23,-0.905,153045.144
2024-01-24,-1.264,151109.905
2024-01-25,0.711,152185.038
2024-01-26,0.6,153098.901
2024-01-29,1.299,155087.897
2024-01-30,-0.971,153582.711
2024-01-31,-0.14,153367.684
2024-02-01,0.736,154496.574
2024-02-02,-0.104,154335.304
2024-02-05,0.209,154657.843
2024-02-06,-0.209,154335.304
2024-02-07,0.662,155356.68
2024-02-08,0.588,156270.543
2024-02-09,0.447,156969.379
2024-02-12,0.24,157345.675
2024-02-13,0.29,157802.607
2024-02-14,0.034,157856.363
2024-02-15,0.63,158850.861
2024-02-16,0.102,159012.131
2024-02-20,-1.116,157238.162
2024-02-21,-0.444,156539.326
2024-02-22,0.584,157453.189
2024-02-23,0.307,157936.998
2024-02-26,0.068,158044.512
2024-02-27,-0.34,157506.945
2024-02-28,-0.648,156485.569
2024-02-29,0.344,157023.135
2024-03-01,0.753,158205.781
2024-03-04,-0.306,157721.972
2024-03-05,-0.477,156969.379
2024-03-06,-0.274,156539.326
2024-03-07,-0.034,156485.569
2024-03-08,-0.344,155948.003
2024-03-11,0.138,156163.029
2024-03-12,0.379,156754.352
2024-03-13,0.652,157775.728
2024-03-14,0.647,158797.104
2024-03-15,0.369,159383.052
2024-03-18,0.678,160463.56
2024-03-19,0.168,160732.343
2024-03-20,-0.334,160194.777
2024-03-21,-0.268,159764.724
2024-03-22,0.239,160146.396
2024-03-25,0.433,160839.857
2024-03-26,-0.434,160141.02
2024-03-27,0.604,161108.64
2024-03-28,-0.267,160678.587
2024-04-01,1.004,162291.286
2024-04-02,0.563,163205.149
2024-04-03,-0.066,163097.635
2024-04-04,0.033,163151.392
2024-04-05,0.033,163205.149
2024-04-08,0.033,163258.905
2024-04-09,0.23,163635.202
2024-04-10,0.821,164979.118
2024-04-11,0.521,165839.224
2024-04-12,0.097,166000.494
2024-04-15,1.49,168473.299
2024-04-16,-0.191,168150.759
2024-04-17,-0.703,166968.113
2024-04-18,0.451,167720.706
2024-04-19,-0.315,167192.278
2024-04-22,-0.777,165892.98
2024-04-23,-0.583,164925.361
2024-04-24,0.424,165624.197
2024-04-25,0.571,166569.777
2024-04-26,0.401,167236.896
2024-04-29,-0.996,165570.441
2024-04-30,1.105,167399.779
2024-05-01,-0.611,166376.79
2024-05-02,-2.372,162431.053
2024-05-03,-1.807,159495.941
2024-05-06,-0.404,158850.861
2024-05-07,-0.169,158582.078
2024-05-08,1.119,160356.047
2024-05-09,-0.552,159470.138
2024-05-10,0.32,159979.75
2024-05-13,-0.101,159818.481
2024-05-14,-0.269,159388.427
2024-05-15,-0.978,157829.485
2024-05-16,0.034,157883.242
2024-05-17,0.511,158689.591
2024-05-20,-0.542,157829.485
2024-05-21,0.034,157883.242
2024-05-22,-0.885,156485.569
2024-05-23,0.103,156646.839
2024-05-24,0.344,157184.943
2024-05-28,0.684,158259.538
2024-05-29,1.664,160893.613
2024-05-30,-0.835,159549.697
2024-05-31,-0.27,159119.644
2024-06-03,-1.385,156915.622
2024-06-04,-0.959,155410.436
2024-06-05,-0.311,154926.627
2024-06-06,-0.173,154657.843
2024-06-07,-0.07,154550.33
2024-06-10,0.73,155679.22
2024-06-11,-0.552,154819.113
2024-06-12,-0.486,154066.52
2024-06-13,-0.593,153152.658
2024-06-14,0,153152.658
2024-06-17,0.632,154120.277
2024-06-18,-0.419,153475.197
2024-06-20,1.121,155195.41
2024-06-21,-0.069,155087.897
2024-06-24,-0.832,153797.737
2024-06-25,0.734,154926.627
2024-06-26,0.52,155732.976
2024-06-27,-0.09,155593.209
2024-06-28,0.746,156754.352
2024-07-01,0.549,157614.458
2024-07-02,-0.205,157291.919
2024-07-03,-0.034,157238.162
2024-07-05,0.752,158420.808
2024-07-08,0.407,159065.888
2024-07-09,0.034,159119.644
2024-07-10,0.676,160194.777
2024-07-11,-0.336,159657.211
2024-07-12,0.185,159952.872
2024-07-15,0.79,161216.153
2024-07-16,0,161216.153
2024-07-17,-0.1,161054.883
2024-07-18,-0.167,160786.1
2024-07-19,-0.568,159872.237
2024-07-22,-0.639,158850.861
2024-07-23,0,158850.861
2024-07-24,-0.068,158743.348
2024-07-25,-0.135,158528.321
2024-07-26,0.78,159764.724
2024-07-29,-0.034,159710.967
2024-07-30,-0.202,159388.427
2024-07-31,0.236,159764.724
2024-08-01,0.168,160033.507
2024-08-02,-1.108,158259.538
2024-08-05,-1.189,156378.056
2024-08-06,-0.447,155679.22
2024-08-07,-0.483,154926.627
2024-08-08,0.069,155034.14
2024-08-09,0.381,155625.463
2024-08-12,0.242,156001.759
2024-08-13,0.758,157184.405
2024-08-14,-0.034,157130.649
2024-08-15,0.205,157453.189
2024-08-16,0.273,157883.242
2024-08-19,0.238,158259.538
2024-08-20,0.51,159065.888
2024-08-21,0.406,159710.967
2024-08-22,-0.067,159603.454
2024-08-23,-0.168,159334.671
2024-08-26,-0.607,158367.051
2024-08-27,-0.339,157829.485
2024-08-28,0.034,157883.242
2024-08-29,-0.681,156808.109
2024-08-30,-0.171,156539.326
2024-09-03,0.515,157345.675
2024-09-04,0.82,158635.835
2024-09-05,0.441,159334.671
2024-09-06,0.405,159979.75
2024-09-09,-0.034,159925.994
2024-09-10,1.345,162076.259
2024-09-11,-0.365,161484.936
2024-09-12,-0.533,160624.83
2024-09-13,0.167,160893.613
2024-09-16,0.601,161861.233
2024-09-17,-0.797,160571.073
2024-09-18,-0.87,159173.401
2024-09-19,-0.152,158931.496
2024-09-20,-0.761,157721.972
2024-09-23,-0.239,157345.675
2024-09-24,0.034,157399.432
2024-09-25,-0.922,155948.003
2024-09-26,1.379,158098.268
2024-09-27,0.034,158152.025
2024-09-30,-0.646,157130.649
2024-10-01,-0.239,156754.352
2024-10-02,-1.166,154926.627
2024-10-03,-1.978,151862.498
2024-10-04,-1.168,150088.529
2024-10-07,-1.003,148583.344
2024-10-08,1.013,150088.529
2024-10-09,-0.501,149335.936
2024-10-10,-0.36,148798.37
2024-10-11,0.542,149604.72
2024-10-14,0.647,150572.339
2024-10-15,1.107,152238.795
2024-10-16,0.282,152668.848
2024-10-17,-0.423,152023.768
2024-10-18,1.132,153743.981
2024-10-21,-1.329,151701.228
2024-10-22,-0.532,150894.879
2024-10-23,-0.428,150249.799
2024-10-24,-0.179,149981.016
2024-10-25,0.036,150034.773
2024-10-28,1.684,152561.335
2024-10-29,-0.458,151862.498
2024-10-30,-0.354,151325.47
2024-10-31,0.053,151405.567
2024-11-01,0.124,151593.715
2024-11-04,-0.745,150464.826
2024-11-05,0.214,150787.366
2024-11-06,-0.463,150088.529
2024-11-07,0.215,150411.069
2024-11-08,0.268,150814.244
2024-11-11,-0.125,150626.096
2024-11-12,0.143,150841.122
2024-11-13,0.143,151056.149
2024-11-14,1.317,153045.144
2024-11-15,-0.421,152400.065
2024-11-18,-1.34,150357.313
2024-11-19,0,150357.313
2024-11-20,-0.215,150034.773
2024-11-21,-0.752,148905.883
2024-11-22,0.505,149658.476
2024-11-25,-0.647,148690.857
2024-11-26,0.398,149282.18
2024-11-27,-0.144,149067.153
2024-11-29,-0.793,147884.507
2024-12-02,0.691,148905.883
2024-12-03,0.397,149497.206
2024-12-04,0.319,149974.565
2024-12-05,-0.767,148823.636
2024-12-06,1.067,150411.069
2024-12-09,-0.572,149550.963
2024-12-10,0.288,149981.016
2024-12-11,0.125,150169.164
2024-12-12,0.054,150249.799
2024-12-13,0.465,150948.636
2024-12-16,0.285,151378.689
2024-12-17,0.569,152239.332
2024-12-18,1.282,154190.424
2024-12-19,0.492,154949.182
2024-12-20,-1.364,152835.499
2024-12-23,0.816,154082.03
2024-12-24,-0.176,153811.045
2024-12-26,0.106,153973.636
2024-12-27,0.035,154027.833
2024-12-30,-1.443,151805.756
2024-12-31,0.321,152293.529
2025-01-02,0.676,153323.272
2025-01-03,0.636,154298.818
2025-01-06,-1.054,152672.908
2025-01-07,0.497,153431.666
2025-01-08,0.848,154732.394
2025-01-10,-0.35,154190.424
2025-01-13,-0.738,153052.287
2025-01-14,-0.177,152781.302
2025-01-15,-1.596,150342.438
2025-01-16,-0.144,150125.65
2025-01-17,0.686,151155.393
2025-01-21,-1.434,148987.513
2025-01-22,0.255,149366.892
2025-01-23,0.109,149529.483
2025-01-24,-0.507,148770.725
2025-01-27,-0.219,148445.543
2025-01-28,0.511,149204.301
2025-01-29,-0.109,149041.71
2025-01-30,-0.436,148391.346
2025-01-31,0.402,148987.513
2025-02-03,0.291,149421.089
2025-02-04,-1.741,146819.634
2025-02-05,-0.48,146115.073
2025-02-06,-0.297,145681.497
2025-02-07,0.26,146060.876
2025-02-10,0.557,146873.831
2025-02-11,0.221,147199.013
2025-02-12,0.773,148337.149
2025-02-13,-1.279,146440.255
2025-02-14,-0.74,145356.315
2025-02-18,1.268,147199.013
2025-02-19,1.141,148879.119
2025-02-20,-1.383,146819.634
2025-02-21,-0.406,146223.467
2025-02-24,0.649,147171.914
2025-02-25,-0.939,145789.891
2025-02-26,-0.037,145735.694
2025-02-27,1.264,147578.392
2025-02-28,-0.367,147036.422
2025-03-03,0.221,147361.604
2025-03-04,0.515,148120.361
2025-03-05,0.714,149177.203
2025-03-06,-1.181,147415.801
2025-03-07,0.588,148282.952
2025-03-10,-0.11,148120.361
2025-03-11,0.293,148553.937
2025-03-12,-0.584,147686.786
2025-03-13,0.404,148282.952
2025-03-14,-0.11,148120.361
2025-03-17,-0.366,147578.392
2025-03-18,0,147578.392
2025-03-19,0.514,148337.149
2025-03-20,-0.11,148174.558
2025-03-21,0.037,148228.755
2025-03-24,-0.037,148174.558
2025-03-25,0.219,148499.74
2025-03-26,-0.05,148426.032
2025-03-27,0.05,148499.74
2025-03-28,0.146,148716.528
2025-03-31,-0.583,147849.377
2025-04-01,-0.403,147253.21
2025-04-02,0.074,147361.604
2025-04-03,-1.103,145735.694
2025-04-04,-0.074,145627.3
2025-04-07,-0.298,145193.724
2025-04-08,-0.299,144760.148
2025-04-09,1.086,146331.861
2025-04-10,-1.741,143784.603
2025-04-11,-0.075,143676.209
2025-04-14,0,143676.209
2025-04-15,-0.339,143188.436
2025-04-16,-0.492,142483.875
2025-04-17,-0.228,142158.693
2025-04-21,0.076,142267.087
2025-04-22,-0.076,142158.693
2025-04-23,0.076,142267.087
2025-04-24,-0.533,141508.329
2025-04-25,-0.191,141237.344
2025-04-28,0.998,142646.466
2025-04-29,0.418,143242.633
2025-04-30,-0.416,142646.466
2025-05-01,-0.456,141996.102
2025-05-02,0.802,143134.239
2025-05-05,0.189,143405.224
2025-05-06,0,143405.224
2025-05-07,-0.038,143351.027
2025-05-08,-0.567,142538.072
2025-05-09,0.038,142592.269
2025-05-12,-0.912,141291.541
2025-05-13,-0.077,141183.147
2025-05-14,0.038,141237.344
2025-05-15,-0.038,141183.147
2025-05-16,-0.192,140912.162
2025-05-19,0.577,141725.117
2025-05-20,0.535,142483.875
2025-05-21,0.571,143296.83
2025-05-22,0.076,143405.224
2025-05-23,0.491,144109.785
2025-05-27,-0.677,143134.239
2025-05-28,-0.038,143080.042
2025-05-29,0.114,143242.633
2025-05-30,0.114,143405.224
2025-06-02,0.983,144814.345
2025-06-03,-0.561,144001.391
2025-06-04,-0.151,143784.603
2025-06-05,0.452,144434.966
2025-06-06,-0.563,143622.012
2025-06-09,-0.075,143513.618
2025-06-10,-0.378,142971.648
2025-06-11,-0.644,142050.299
2025-06-12,0.496,142754.86
2025-06-13,-0.987,141345.738
2025-06-16,-0.268,140966.359
2025-06-17,-1.384,139015.268
2025-06-18,-0.936,137714.54
2025-06-20,-0.197,137443.555
2025-06-23,1.814,139936.617
2025-06-24,0.542,140695.374
2025-06-25,0.424,141291.541
2025-06-26,0.767,142375.481
2025-06-27,-0.305,141941.905
2025-06-30,0.703,142939.13
2025-07-01,0.136,143134.239
2025-07-02,0.606,144001.391
2025-07-03,-0.866,142754.86
2025-07-07,-0.076,142646.466
2025-07-08,1.406,144651.754
2025-07-09,-0.15,144434.966
2025-07-10,0.188,144705.951
2025-07-11,0.749,145789.891
2025-07-14,-0.836,144570.459
2025-07-15,0.469,145247.921
2025-07-16,-0.634,144326.572
2025-07-17,0.601,145193.724
2025-07-18,-0.261,144814.345
2025-07-21,0.524,145573.103
2025-07-22,0.149,145789.891
2025-07-23,1.375,147795.18
2025-07-24,-0.66,146819.634
2025-07-25,-0.148,146602.846
2025-07-28,-0.813,145410.512
2025-07-29,-0.335,144922.739
2025-07-30,-1.683,142483.875
2025-07-31,-0.533,141725.117
2025-08-01,-0.367,141204.826
2025-08-04,0.522,141941.905
2025-08-05,0.057,142023.201
2025-08-06,-0.057,141941.905
2025-08-07,0.496,142646.466
2025-08-08,0.304,143080.042
2025-08-11,-0.795,141941.905
2025-08-12,1.298,143784.603
2025-08-13,-0.678,142809.057
2025-08-14,0.785,143930.393
2025-08-15,0.464,144597.557
2025-08-18,0.262,144976.936
2025-08-19,0.262,145356.315
2025-08-20,-0.298,144922.739
2025-08-21,0.112,145085.33
2025-08-22,0.336,145573.103
2025-08-25,-0.223,145247.921
2025-08-26,-0.037,145193.724
2025-08-27,0.149,145410.512
2025-08-28,-0.708,144380.769
2025-08-29,0.338,144868.542
2025-09-02,0.786,146006.679
2025-09-03,0.037,146060.876
2025-09-04,-0.43,145432.191
2025-09-05,0.06,145518.906
2025-09-08,0.186,145789.891
2025-09-09,-0.074,145681.497
2025-09-10,-0.186,145410.512
2025-09-11,-0.056,145329.217
2025-09-12,0.503,146060.876
2025-09-15,0.111,146223.467
2025-09-16,0.183,146491.2
2025-09-17,-0.035,146440.255
2025-09-18,0.111,146602.846
2025-09-19,-0.074,146494.452
2025-09-22,0.74,147578.392
2025-09-23,0.11,147740.983
2025-09-24,-1.211,145952.482
2025-09-25,-0.26,145573.103
2025-09-26,0.484,146277.664
2025-09-29,-0.148,146060.876
2025-09-30,-0.074,145952.482
2025-10-01,-0.408,145356.315
2025-10-02,-0.634,144434.966
2025-10-03,0.263,144814.345
2025-10-06,0.524,145573.103
2025-10-07,0,145573.103
2025-10-08,0.037,145627.3
2025-10-09,0.112,145789.891
2025-10-10,0.372,146331.861
2025-10-13,0.63,147253.21
2025-10-14,-0.184,146982.225
2025-10-15,0.147,147199.013
2025-10-16,0.239,147551.293
2025-10-17,-0.184,147280.308
2025-10-20,-0.35,146765.437
2025-10-21,-0.591,145898.285
2025-10-22,-0.223,145573.103
2025-10-23,-0.037,145518.906
2025-10-24,0.372,146060.876
2025-10-27,0.26,146440.255
2025-10-28,-0.407,145844.088
2025-10-29,-0.297,145410.512
2025-10-30,-0.261,145031.133
2025-10-31,-0.187,144760.148
2025-11-03,-0.973,143351.027
2025-11-04,-0.435,142727.761
2025-11-05,-0.027,142688.74
2025-11-06,0.638,143599.249
2025-11-07,0.205,143892.997
2025-11-10,0.346,144391.067
2025-11-11,0.593,145247.921
2025-11-12,-0.299,144814.345
2025-11-13,-0.299,144380.769
2025-11-14,-0.188,144109.785
2025-11-17,-0.188,143838.8
2025-11-18,0.339,144326.572
2025-11-19,-0.62,143432.322
2025-11-20,-0.068,143334.226
2025-11-21,-0.18,143075.706
2025-11-24,0.003,143080.042
2025-11-25,0.53,143838.8
2025-11-26,0.471,144516.262
2025-11-28,0.169,144760.148
2025-12-01,-0.337,144272.375
2025-12-02,-0.225,143947.194
2025-12-03,0.471,144624.656
2025-12-04,-0.319,144163.982
2025-12-05,-0.376,143622.012
2025-12-08,0.566,144434.966
2025-12-09,0.3,144868.542
2025-12-10,0.15,145085.33
2025-12-11,0.897,146386.058
2025-12-12,-0.315,145925.384
2025-12-15,0.167,146169.27
2025-12-16,0.056,146250.565
2025-12-17,0.056,146331.861
2025-12-18,0.667,147307.407
2025-12-19,-0.405,146711.24
2025-12-22,0.826,147922.542
2025-12-23,-0.135,147723.339
2025-12-24,-0.186,147447.87
2025-12-26,0.09,147581.051
2025-12-29,-0.578,146727.324
2025-12-30,0.737,147808.712
2025-12-31,-0.077,147694.882
2026-01-02,0.578,148548.609
2026-01-05,0.843,149800.743
2026-01-06,0.494,150540.641
2026-01-07,-1.323,148548.609
2026-01-08,0.421,149174.676
2026-01-09,0.523,149954.414
2026-01-12,0.619,150882.132
2026-01-13,0,150882.132
2026-01-14,0.604,151792.774
2026-01-15,-0.337,151280.538
2026-01-16,-0.677,150256.065
2026-01-20,0.038,150312.98
2026-01-21,-0.757,149174.676
2026-01-22,0.572,150028.404
2026-01-23,-0.152,149800.743
2026-01-26,0.152,150028.404
2026-01-27,0.873,151337.453
2026-01-28,0.376,151906.605
2026-01-29,-0.412,151280.538
2026-01-30,-2.333,147751.797
2026-02-02,1.772,150369.895
2026-02-03,0.946,151792.774
2026-02-04,-0.187,151508.199
2026-02-05,-1.578,149117.761
2026-02-06,1.625,151540.64
2026-02-09,0.993,153044.908
2026-02-10,-0.186,152760.332
2026-02-11,-0.149,152532.672
2026-02-12,-1.343,150483.725
2026-02-13,0.34,150995.962
2026-02-17,0,150995.962
2026-02-18,0.565,151849.69
2026-02-19,0,151849.69
2026-02-20,-0.075,151735.859
2026-02-23,0.413,152361.926
2026-02-24,0.299,152817.248
2026-02-25,0.037,152874.163
2026-02-26,0.41,153500.23
2026-02-27,0.334,154013.035
2026-03-02,0.702,155093.855
2026-03-03,-0.826,153813.263
2026-03-04,1.24,155719.922
2026-03-05,-0.292,155264.6
2026-03-06,0.733,156402.904
2026-03-09,-0.255,156004.497
2026-03-10,0.803,157256.631
2026-03-11,0.724,158394.935
2026-03-12,0.791,159647.069
2026-03-13,-0.606,158679.511
2026-03-16,0.179,158964.087
2026-03-17,1.074,160671.542
2026-03-18,-0.213,160330.051
2026-03-19,-1.171,158451.85
2026-03-20,0.467,159191.747
2026-03-23,-2.217,155663.006
2026-03-24,0.585,156573.649
2026-03-25,-0.109,156402.904
2026-03-26,0.946,157882.698
2026-03-27,1.19,159760.899
2026-03-30,0.748,160956.118
2026-03-31,-0.283,160500.796
2026-04-01,-0.745,159305.578
2026-04-02,1.25,161297.609
2026-04-06,0.529,162151.336
2026-04-07,0.14,162378.997
2026-04-08,-2.348,158565.68
2026-04-09,0.79,159817.814
2026-04-10,0.142,160045.475
2026-04-13,1.031,161696.015
2026-04-14,-0.739,160500.796
2026-04-15,0.355,161069.948
2026-04-16,0.742,162265.167
2026-04-17,-2.21,158679.511
2026-04-20,0.789,159931.645
2026-04-21,1.708,162663.573
2026-04-22,0.192,162976.607
2026-04-23,1.1,164769.435
2026-04-24,-0.311,164257.198
2026-04-27,1.213,166249.229
2026-04-28,0.89,167729.024
2026-04-29,1.595,170404.037
2026-04-30,-1.002,168696.582
2026-05-01,-1.046,166932.211
2026-05-04,0.443,167672.109
2026-05-05,0.17,167956.684
2026-05-06,-1.593,165281.671
2026-05-07,0.482,166078.484
2026-05-08,0,166078.484